,Cancel Date,Code,Service,Staff,Booking Date,Canceled By,Days,,,
0,22/05/2018,MASA01,CFC,JOANNE,24/05/2018,ADMIN,2,,"INSERT INTO ClientCancellations (CancelDate, Code, [Service], Staff, BookingDate, CanceledBy, [Days]) VALUES(","INSERT INTO ClientCancellations (CancelDate, Code, [Service], Staff, BookingDate, CanceledBy, [Days]) VALUES('2018-05-22','MASA01','CFC','JOANNE','2018-05-24','ADMIN',2)"
1,27/06/2018,MASA01,CBAL,KELLY,27/06/2018,ADMIN,0,,"INSERT INTO ClientCancellations (CancelDate, Code, [Service], Staff, BookingDate, CanceledBy, [Days]) VALUES(","INSERT INTO ClientCancellations (CancelDate, Code, [Service], Staff, BookingDate, CanceledBy, [Days]) VALUES('2018-06-27','MASA01','CBAL','KELLY','2018-06-27','ADMIN',0)"
2,03/07/2018,MASA01,SHCM,BECKY,10/07/2018,BECKY,7,,"INSERT INTO ClientCancellations (CancelDate, Code, [Service], Staff, BookingDate, CanceledBy, [Days]) VALUES(","INSERT INTO ClientCancellations (CancelDate, Code, [Service], Staff, BookingDate, CanceledBy, [Days]) VALUES('2018-07-03','MASA01','SHCM','BECKY','2018-07-10','BECKY',7)"
3,10/07/2018,MASA01,SHCC,JJ,11/07/2018,KELLY,1,,"INSERT INTO ClientCancellations (CancelDate, Code, [Service], Staff, BookingDate, CanceledBy, [Days]) VALUES(","INSERT INTO ClientCancellations (CancelDate, Code, [Service], Staff, BookingDate, CanceledBy, [Days]) VALUES('2018-07-10','MASA01','SHCC','JJ','2018-07-11','KELLY',1)"
4,24/07/2018,TRUA01,SHCM,KELLY,24/07/2018,TANYA,0,,"INSERT INTO ClientCancellations (CancelDate, Code, [Service], Staff, BookingDate, CanceledBy, [Days]) VALUES(","INSERT INTO ClientCancellations (CancelDate, Code, [Service], Staff, BookingDate, CanceledBy, [Days]) VALUES('2018-07-24','TRUA01','SHCM','KELLY','2018-07-24','TANYA',0)"
5,27/07/2018,GOOA01,SHCW,JJ,28/07/2018,TANYA,1,,"INSERT INTO ClientCancellations (CancelDate, Code, [Service], Staff, BookingDate, CanceledBy, [Days]) VALUES(","INSERT INTO ClientCancellations (CancelDate, Code, [Service], Staff, BookingDate, CanceledBy, [Days]) VALUES('2018-07-27','GOOA01','SHCW','JJ','2018-07-28','TANYA',1)"
6,13/04/2018,MOLA01,SHCW,JJ,20/04/2018,BECKY,7,,"INSERT INTO ClientCancellations (CancelDate, Code, [Service], Staff, BookingDate, CanceledBy, [Days]) VALUES(","INSERT INTO ClientCancellations (CancelDate, Code, [Service], Staff, BookingDate, CanceledBy, [Days]) VALUES('2018-04-13','MOLA01','SHCW','JJ','2018-04-20','BECKY',7)"
7,21/07/2018,?A01,SBD,KELLY,21/07/2018,TANYA,0,,"INSERT INTO ClientCancellations (CancelDate, Code, [Service], Staff, BookingDate, CanceledBy, [Days]) VALUES(","INSERT INTO ClientCancellations (CancelDate, Code, [Service], Staff, BookingDate, CanceledBy, [Days]) VALUES('2018-07-21','?A01','SBD','KELLY','2018-07-21','TANYA',0)"
8,07/07/2018,ABL*01,SBD,KELLY,07/07/2018,JJ,0,,"INSERT INTO ClientCancellations (CancelDate, Code, [Service], Staff, BookingDate, CanceledBy, [Days]) VALUES(","INSERT INTO ClientCancellations (CancelDate, Code, [Service], Staff, BookingDate, CanceledBy, [Days]) VALUES('2018-07-07','ABL*01','SBD','KELLY','2018-07-07','JJ',0)"
9,04/04/2018,SARA01,CBAL,KELLY,04/04/2018,KELLY,0,,"INSERT INTO ClientCancellations (CancelDate, Code, [Service], Staff, BookingDate, CanceledBy, [Days]) VALUES(","INSERT INTO ClientCancellations (CancelDate, Code, [Service], Staff, BookingDate, CanceledBy, [Days]) VALUES('2018-04-04','SARA01','CBAL','KELLY','2018-04-04','KELLY',0)"
10,14/06/2018,TAA01,CDPB,JOANNE,14/06/2018,JOANNE,0,,"INSERT INTO ClientCancellations (CancelDate, Code, [Service], Staff, BookingDate, CanceledBy, [Days]) VALUES(","INSERT INTO ClientCancellations (CancelDate, Code, [Service], Staff, BookingDate, CanceledBy, [Days]) VALUES('2018-06-14','TAA01','CDPB','JOANNE','2018-06-14','JOANNE',0)"
11,19/07/2018,LIAA01,FRI,JJ,19/07/2018,TANYA,0,,"INSERT INTO ClientCancellations (CancelDate, Code, [Service], Staff, BookingDate, CanceledBy, [Days]) VALUES(","INSERT INTO ClientCancellations (CancelDate, Code, [Service], Staff, BookingDate, CanceledBy, [Days]) VALUES('2018-07-19','LIAA01','FRI','JJ','2018-07-19','TANYA',0)"
12,30/06/2018,TAMA01,SHCW,KELLY,30/06/2018,BECKY,,,"INSERT INTO ClientCancellations (CancelDate, Code, [Service], Staff, BookingDate, CanceledBy, [Days]) VALUES(","INSERT INTO ClientCancellations (CancelDate, Code, [Service], Staff, BookingDate, CanceledBy, [Days]) VALUES('2018-06-30','TAMA01','SHCW','KELLY','2018-06-30','BECKY',)"
13,30/06/2018,TAMA01,CBAL,KELLY,30/06/2018,BECKY,,,"INSERT INTO ClientCancellations (CancelDate, Code, [Service], Staff, BookingDate, CanceledBy, [Days]) VALUES(","INSERT INTO ClientCancellations (CancelDate, Code, [Service], Staff, BookingDate, CanceledBy, [Days]) VALUES('2018-06-30','TAMA01','CBAL','KELLY','2018-06-30','BECKY',)"
14,10/07/2018,JACA01,SHCW,JJ,11/07/2018,BECKY,1,,"INSERT INTO ClientCancellations (CancelDate, Code, [Service], Staff, BookingDate, CanceledBy, [Days]) VALUES(","INSERT INTO ClientCancellations (CancelDate, Code, [Service], Staff, BookingDate, CanceledBy, [Days]) VALUES('2018-07-10','JACA01','SHCW','JJ','2018-07-11','BECKY',1)"
15,10/07/2018,JACA01,SHCW,JJ,11/07/2018,BECKY,1,,"INSERT INTO ClientCancellations (CancelDate, Code, [Service], Staff, BookingDate, CanceledBy, [Days]) VALUES(","INSERT INTO ClientCancellations (CancelDate, Code, [Service], Staff, BookingDate, CanceledBy, [Days]) VALUES('2018-07-10','JACA01','SHCW','JJ','2018-07-11','BECKY',1)"
16,10/07/2018,JACA01,CFC,JOANNE,11/07/2018,BECKY,1,,"INSERT INTO ClientCancellations (CancelDate, Code, [Service], Staff, BookingDate, CanceledBy, [Days]) VALUES(","INSERT INTO ClientCancellations (CancelDate, Code, [Service], Staff, BookingDate, CanceledBy, [Days]) VALUES('2018-07-10','JACA01','CFC','JOANNE','2018-07-11','BECKY',1)"
17,10/07/2018,JACA01,SHCW,JJ,11/07/2018,JJ,1,,"INSERT INTO ClientCancellations (CancelDate, Code, [Service], Staff, BookingDate, CanceledBy, [Days]) VALUES(","INSERT INTO ClientCancellations (CancelDate, Code, [Service], Staff, BookingDate, CanceledBy, [Days]) VALUES('2018-07-10','JACA01','SHCW','JJ','2018-07-11','JJ',1)"
18,10/07/2018,JACA01,SHCW,JJ,11/07/2018,JJ,1,,"INSERT INTO ClientCancellations (CancelDate, Code, [Service], Staff, BookingDate, CanceledBy, [Days]) VALUES(","INSERT INTO ClientCancellations (CancelDate, Code, [Service], Staff, BookingDate, CanceledBy, [Days]) VALUES('2018-07-10','JACA01','SHCW','JJ','2018-07-11','JJ',1)"
19,10/07/2018,JACA01,CFC,JOANNE,11/07/2018,JJ,1,,"INSERT INTO ClientCancellations (CancelDate, Code, [Service], Staff, BookingDate, CanceledBy, [Days]) VALUES(","INSERT INTO ClientCancellations (CancelDate, Code, [Service], Staff, BookingDate, CanceledBy, [Days]) VALUES('2018-07-10','JACA01','CFC','JOANNE','2018-07-11','JJ',1)"
20,12/07/2018,JACA01,SHCW,JJ,12/07/2018,KELLY,0,,"INSERT INTO ClientCancellations (CancelDate, Code, [Service], Staff, BookingDate, CanceledBy, [Days]) VALUES(","INSERT INTO ClientCancellations (CancelDate, Code, [Service], Staff, BookingDate, CanceledBy, [Days]) VALUES('2018-07-12','JACA01','SHCW','JJ','2018-07-12','KELLY',0)"
21,24/07/2018,GOOA02,SHCW,JJ,26/07/2018,TANYA,2,,"INSERT INTO ClientCancellations (CancelDate, Code, [Service], Staff, BookingDate, CanceledBy, [Days]) VALUES(","INSERT INTO ClientCancellations (CancelDate, Code, [Service], Staff, BookingDate, CanceledBy, [Days]) VALUES('2018-07-24','GOOA02','SHCW','JJ','2018-07-26','TANYA',2)"
22,31/05/2018,PAUB01,CBAL,KELLY,31/05/2018,JJ,0,,"INSERT INTO ClientCancellations (CancelDate, Code, [Service], Staff, BookingDate, CanceledBy, [Days]) VALUES(","INSERT INTO ClientCancellations (CancelDate, Code, [Service], Staff, BookingDate, CanceledBy, [Days]) VALUES('2018-05-31','PAUB01','CBAL','KELLY','2018-05-31','JJ',0)"
23,21/05/2018,HIMB01,SHCW,JJ,22/05/2018,JJ,1,,"INSERT INTO ClientCancellations (CancelDate, Code, [Service], Staff, BookingDate, CanceledBy, [Days]) VALUES(","INSERT INTO ClientCancellations (CancelDate, Code, [Service], Staff, BookingDate, CanceledBy, [Days]) VALUES('2018-05-21','HIMB01','SHCW','JJ','2018-05-22','JJ',1)"
24,08/05/2018,CARB01,CON,BECKY,08/05/2018,JJ,0,,"INSERT INTO ClientCancellations (CancelDate, Code, [Service], Staff, BookingDate, CanceledBy, [Days]) VALUES(","INSERT INTO ClientCancellations (CancelDate, Code, [Service], Staff, BookingDate, CanceledBy, [Days]) VALUES('2018-05-08','CARB01','CON','BECKY','2018-05-08','JJ',0)"
25,08/05/2018,DONB01,SBD,SINEAD,12/05/2018,SINEAD,4,,"INSERT INTO ClientCancellations (CancelDate, Code, [Service], Staff, BookingDate, CanceledBy, [Days]) VALUES(","INSERT INTO ClientCancellations (CancelDate, Code, [Service], Staff, BookingDate, CanceledBy, [Days]) VALUES('2018-05-08','DONB01','SBD','SINEAD','2018-05-12','SINEAD',4)"
26,08/05/2018,DONB01,CHLPL,JOANNE,12/05/2018,SINEAD,4,,"INSERT INTO ClientCancellations (CancelDate, Code, [Service], Staff, BookingDate, CanceledBy, [Days]) VALUES(","INSERT INTO ClientCancellations (CancelDate, Code, [Service], Staff, BookingDate, CanceledBy, [Days]) VALUES('2018-05-08','DONB01','CHLPL','JOANNE','2018-05-12','SINEAD',4)"
27,17/05/2018,DONB01,SHCW,JJ,17/05/2018,BECKY,0,,"INSERT INTO ClientCancellations (CancelDate, Code, [Service], Staff, BookingDate, CanceledBy, [Days]) VALUES(","INSERT INTO ClientCancellations (CancelDate, Code, [Service], Staff, BookingDate, CanceledBy, [Days]) VALUES('2018-05-17','DONB01','SHCW','JJ','2018-05-17','BECKY',0)"
28,17/05/2018,DONB01,CCO,JOANNE,17/05/2018,BECKY,0,,"INSERT INTO ClientCancellations (CancelDate, Code, [Service], Staff, BookingDate, CanceledBy, [Days]) VALUES(","INSERT INTO ClientCancellations (CancelDate, Code, [Service], Staff, BookingDate, CanceledBy, [Days]) VALUES('2018-05-17','DONB01','CCO','JOANNE','2018-05-17','BECKY',0)"
29,18/05/2018,DONB01,CBAL,KELLY,18/05/2018,BECKY,0,,"INSERT INTO ClientCancellations (CancelDate, Code, [Service], Staff, BookingDate, CanceledBy, [Days]) VALUES(","INSERT INTO ClientCancellations (CancelDate, Code, [Service], Staff, BookingDate, CanceledBy, [Days]) VALUES('2018-05-18','DONB01','CBAL','KELLY','2018-05-18','BECKY',0)"
30,18/05/2018,DONB01,CHLPHC,JOANNE,05/06/2018,JOANNE,18,,"INSERT INTO ClientCancellations (CancelDate, Code, [Service], Staff, BookingDate, CanceledBy, [Days]) VALUES(","INSERT INTO ClientCancellations (CancelDate, Code, [Service], Staff, BookingDate, CanceledBy, [Days]) VALUES('2018-05-18','DONB01','CHLPHC','JOANNE','2018-06-05','JOANNE',18)"
31,01/06/2018,DONB01,SMO,BECKY,01/06/2018,BECKY,0,,"INSERT INTO ClientCancellations (CancelDate, Code, [Service], Staff, BookingDate, CanceledBy, [Days]) VALUES(","INSERT INTO ClientCancellations (CancelDate, Code, [Service], Staff, BookingDate, CanceledBy, [Days]) VALUES('2018-06-01','DONB01','SMO','BECKY','2018-06-01','BECKY',0)"
32,10/04/2018,MOIB01,CTU,KELLY,26/04/2018,JJ,16,,"INSERT INTO ClientCancellations (CancelDate, Code, [Service], Staff, BookingDate, CanceledBy, [Days]) VALUES(","INSERT INTO ClientCancellations (CancelDate, Code, [Service], Staff, BookingDate, CanceledBy, [Days]) VALUES('2018-04-10','MOIB01','CTU','KELLY','2018-04-26','JJ',16)"
33,28/05/2018,MOIB01,SHCW,SINEAD,30/05/2018,JJ,2,,"INSERT INTO ClientCancellations (CancelDate, Code, [Service], Staff, BookingDate, CanceledBy, [Days]) VALUES(","INSERT INTO ClientCancellations (CancelDate, Code, [Service], Staff, BookingDate, CanceledBy, [Days]) VALUES('2018-05-28','MOIB01','SHCW','SINEAD','2018-05-30','JJ',2)"
34,09/07/2018,ELCB01,CTU,JOANNE,10/07/2018,JJ,1,,"INSERT INTO ClientCancellations (CancelDate, Code, [Service], Staff, BookingDate, CanceledBy, [Days]) VALUES(","INSERT INTO ClientCancellations (CancelDate, Code, [Service], Staff, BookingDate, CanceledBy, [Days]) VALUES('2018-07-09','ELCB01','CTU','JOANNE','2018-07-10','JJ',1)"
35,07/06/2018,COLB01,SHCM,JJ,07/06/2018,KELLY,0,,"INSERT INTO ClientCancellations (CancelDate, Code, [Service], Staff, BookingDate, CanceledBy, [Days]) VALUES(","INSERT INTO ClientCancellations (CancelDate, Code, [Service], Staff, BookingDate, CanceledBy, [Days]) VALUES('2018-06-07','COLB01','SHCM','JJ','2018-06-07','KELLY',0)"
36,10/07/2018,INFB01,CON,KELLY,13/07/2018,BECKY,3,,"INSERT INTO ClientCancellations (CancelDate, Code, [Service], Staff, BookingDate, CanceledBy, [Days]) VALUES(","INSERT INTO ClientCancellations (CancelDate, Code, [Service], Staff, BookingDate, CanceledBy, [Days]) VALUES('2018-07-10','INFB01','CON','KELLY','2018-07-13','BECKY',3)"
37,22/05/2018,HENB01,SHCM,JJ,05/06/2018,JJ,14,,"INSERT INTO ClientCancellations (CancelDate, Code, [Service], Staff, BookingDate, CanceledBy, [Days]) VALUES(","INSERT INTO ClientCancellations (CancelDate, Code, [Service], Staff, BookingDate, CanceledBy, [Days]) VALUES('2018-05-22','HENB01','SHCM','JJ','2018-06-05','JJ',14)"
38,19/06/2018,HENB01,SHCM,JJ,19/06/2018,JJ,0,,"INSERT INTO ClientCancellations (CancelDate, Code, [Service], Staff, BookingDate, CanceledBy, [Days]) VALUES(","INSERT INTO ClientCancellations (CancelDate, Code, [Service], Staff, BookingDate, CanceledBy, [Days]) VALUES('2018-06-19','HENB01','SHCM','JJ','2018-06-19','JJ',0)"
39,10/05/2018,BHAB01,SDUD,BECKY,17/05/2018,JJ,7,,"INSERT INTO ClientCancellations (CancelDate, Code, [Service], Staff, BookingDate, CanceledBy, [Days]) VALUES(","INSERT INTO ClientCancellations (CancelDate, Code, [Service], Staff, BookingDate, CanceledBy, [Days]) VALUES('2018-05-10','BHAB01','SDUD','BECKY','2018-05-17','JJ',7)"
40,29/05/2018,WALC01,SBD,BECKY,29/05/2018,JJ,0,,"INSERT INTO ClientCancellations (CancelDate, Code, [Service], Staff, BookingDate, CanceledBy, [Days]) VALUES(","INSERT INTO ClientCancellations (CancelDate, Code, [Service], Staff, BookingDate, CanceledBy, [Days]) VALUES('2018-05-29','WALC01','SBD','BECKY','2018-05-29','JJ',0)"
41,10/07/2018,SCHC01,CALC,JOANNE,27/07/2018,KELLY,17,,"INSERT INTO ClientCancellations (CancelDate, Code, [Service], Staff, BookingDate, CanceledBy, [Days]) VALUES(","INSERT INTO ClientCancellations (CancelDate, Code, [Service], Staff, BookingDate, CanceledBy, [Days]) VALUES('2018-07-10','SCHC01','CALC','JOANNE','2018-07-27','KELLY',17)"
42,10/07/2018,SCHC01,CALC,JOANNE,13/07/2018,KELLY,3,,"INSERT INTO ClientCancellations (CancelDate, Code, [Service], Staff, BookingDate, CanceledBy, [Days]) VALUES(","INSERT INTO ClientCancellations (CancelDate, Code, [Service], Staff, BookingDate, CanceledBy, [Days]) VALUES('2018-07-10','SCHC01','CALC','JOANNE','2018-07-13','KELLY',3)"
43,19/07/2018,OZDC02,CDPB,JOANNE,19/07/2018,KELLY,0,,"INSERT INTO ClientCancellations (CancelDate, Code, [Service], Staff, BookingDate, CanceledBy, [Days]) VALUES(","INSERT INTO ClientCancellations (CancelDate, Code, [Service], Staff, BookingDate, CanceledBy, [Days]) VALUES('2018-07-19','OZDC02','CDPB','JOANNE','2018-07-19','KELLY',0)"
44,27/03/2018,WIL*01,SHCW,JJ,29/03/2018,JJ,2,,"INSERT INTO ClientCancellations (CancelDate, Code, [Service], Staff, BookingDate, CanceledBy, [Days]) VALUES(","INSERT INTO ClientCancellations (CancelDate, Code, [Service], Staff, BookingDate, CanceledBy, [Days]) VALUES('2018-03-27','WIL*01','SHCW','JJ','2018-03-29','JJ',2)"
45,28/06/2018,MEIC01,SHCM,KELLY,28/06/2018,KELLY,0,,"INSERT INTO ClientCancellations (CancelDate, Code, [Service], Staff, BookingDate, CanceledBy, [Days]) VALUES(","INSERT INTO ClientCancellations (CancelDate, Code, [Service], Staff, BookingDate, CanceledBy, [Days]) VALUES('2018-06-28','MEIC01','SHCM','KELLY','2018-06-28','KELLY',0)"
46,29/06/2018,GAD*01,CFC,JOANNE,29/06/2018,BECKY,0,,"INSERT INTO ClientCancellations (CancelDate, Code, [Service], Staff, BookingDate, CanceledBy, [Days]) VALUES(","INSERT INTO ClientCancellations (CancelDate, Code, [Service], Staff, BookingDate, CanceledBy, [Days]) VALUES('2018-06-29','GAD*01','CFC','JOANNE','2018-06-29','BECKY',0)"
47,12/04/2018,CHOC01,SHCW,BECKY,13/04/2018,JJ,1,,"INSERT INTO ClientCancellations (CancelDate, Code, [Service], Staff, BookingDate, CanceledBy, [Days]) VALUES(","INSERT INTO ClientCancellations (CancelDate, Code, [Service], Staff, BookingDate, CanceledBy, [Days]) VALUES('2018-04-12','CHOC01','SHCW','BECKY','2018-04-13','JJ',1)"
48,30/06/2018,WOOD02,SBD,JJ,30/06/2018,JJ,0,,"INSERT INTO ClientCancellations (CancelDate, Code, [Service], Staff, BookingDate, CanceledBy, [Days]) VALUES(","INSERT INTO ClientCancellations (CancelDate, Code, [Service], Staff, BookingDate, CanceledBy, [Days]) VALUES('2018-06-30','WOOD02','SBD','JJ','2018-06-30','JJ',0)"
49,15/07/2018,WOOD02,SBD,BECKY,15/07/2018,JJ,0,,"INSERT INTO ClientCancellations (CancelDate, Code, [Service], Staff, BookingDate, CanceledBy, [Days]) VALUES(","INSERT INTO ClientCancellations (CancelDate, Code, [Service], Staff, BookingDate, CanceledBy, [Days]) VALUES('2018-07-15','WOOD02','SBD','BECKY','2018-07-15','JJ',0)"
50,24/05/2018,JOHD01,SHCM,SINEAD,31/05/2018,JJ,7,,"INSERT INTO ClientCancellations (CancelDate, Code, [Service], Staff, BookingDate, CanceledBy, [Days]) VALUES(","INSERT INTO ClientCancellations (CancelDate, Code, [Service], Staff, BookingDate, CanceledBy, [Days]) VALUES('2018-05-24','JOHD01','SHCM','SINEAD','2018-05-31','JJ',7)"
51,17/07/2018,FLAD01,SHCM,BECKY,25/08/2018,JJ,39,,"INSERT INTO ClientCancellations (CancelDate, Code, [Service], Staff, BookingDate, CanceledBy, [Days]) VALUES(","INSERT INTO ClientCancellations (CancelDate, Code, [Service], Staff, BookingDate, CanceledBy, [Days]) VALUES('2018-07-17','FLAD01','SHCM','BECKY','2018-08-25','JJ',39)"
52,02/05/2018,GUYD01,SHCM,BECKY,03/05/2018,JJ,1,,"INSERT INTO ClientCancellations (CancelDate, Code, [Service], Staff, BookingDate, CanceledBy, [Days]) VALUES(","INSERT INTO ClientCancellations (CancelDate, Code, [Service], Staff, BookingDate, CanceledBy, [Days]) VALUES('2018-05-02','GUYD01','SHCM','BECKY','2018-05-03','JJ',1)"
53,02/05/2018,GUYD01,CCAMO,BECKY,03/05/2018,JJ,1,,"INSERT INTO ClientCancellations (CancelDate, Code, [Service], Staff, BookingDate, CanceledBy, [Days]) VALUES(","INSERT INTO ClientCancellations (CancelDate, Code, [Service], Staff, BookingDate, CanceledBy, [Days]) VALUES('2018-05-02','GUYD01','CCAMO','BECKY','2018-05-03','JJ',1)"
54,25/04/2018,ROLD01,SHCM,JJ,25/04/2018,SINEAD,0,,"INSERT INTO ClientCancellations (CancelDate, Code, [Service], Staff, BookingDate, CanceledBy, [Days]) VALUES(","INSERT INTO ClientCancellations (CancelDate, Code, [Service], Staff, BookingDate, CanceledBy, [Days]) VALUES('2018-04-25','ROLD01','SHCM','JJ','2018-04-25','SINEAD',0)"
55,17/07/2018,THOD01,SHCM,JJ,17/07/2018,JOANNE,0,,"INSERT INTO ClientCancellations (CancelDate, Code, [Service], Staff, BookingDate, CanceledBy, [Days]) VALUES(","INSERT INTO ClientCancellations (CancelDate, Code, [Service], Staff, BookingDate, CanceledBy, [Days]) VALUES('2018-07-17','THOD01','SHCM','JJ','2018-07-17','JOANNE',0)"
56,13/07/2018,LAMD01,CON,JOANNE,14/07/2018,BECKY,1,,"INSERT INTO ClientCancellations (CancelDate, Code, [Service], Staff, BookingDate, CanceledBy, [Days]) VALUES(","INSERT INTO ClientCancellations (CancelDate, Code, [Service], Staff, BookingDate, CanceledBy, [Days]) VALUES('2018-07-13','LAMD01','CON','JOANNE','2018-07-14','BECKY',1)"
57,13/07/2018,LAMD01,CBAL,JOANNE,13/07/2018,BECKY,0,,"INSERT INTO ClientCancellations (CancelDate, Code, [Service], Staff, BookingDate, CanceledBy, [Days]) VALUES(","INSERT INTO ClientCancellations (CancelDate, Code, [Service], Staff, BookingDate, CanceledBy, [Days]) VALUES('2018-07-13','LAMD01','CBAL','JOANNE','2018-07-13','BECKY',0)"
58,27/04/2018,GOSD01,SHCW,JJ,17/05/2018,BECKY,20,,"INSERT INTO ClientCancellations (CancelDate, Code, [Service], Staff, BookingDate, CanceledBy, [Days]) VALUES(","INSERT INTO ClientCancellations (CancelDate, Code, [Service], Staff, BookingDate, CanceledBy, [Days]) VALUES('2018-04-27','GOSD01','SHCW','JJ','2018-05-17','BECKY',20)"
59,08/05/2018,SKUD01,SBD,BECKY,12/05/2018,SINEAD,4,,"INSERT INTO ClientCancellations (CancelDate, Code, [Service], Staff, BookingDate, CanceledBy, [Days]) VALUES(","INSERT INTO ClientCancellations (CancelDate, Code, [Service], Staff, BookingDate, CanceledBy, [Days]) VALUES('2018-05-08','SKUD01','SBD','BECKY','2018-05-12','SINEAD',4)"
60,18/05/2018,SKUD01,SBD,BECKY,26/05/2018,JJ,8,,"INSERT INTO ClientCancellations (CancelDate, Code, [Service], Staff, BookingDate, CanceledBy, [Days]) VALUES(","INSERT INTO ClientCancellations (CancelDate, Code, [Service], Staff, BookingDate, CanceledBy, [Days]) VALUES('2018-05-18','SKUD01','SBD','BECKY','2018-05-26','JJ',8)"
61,19/07/2018,SKUD01,SBD,BECKY,19/07/2018,TANYA,0,,"INSERT INTO ClientCancellations (CancelDate, Code, [Service], Staff, BookingDate, CanceledBy, [Days]) VALUES(","INSERT INTO ClientCancellations (CancelDate, Code, [Service], Staff, BookingDate, CanceledBy, [Days]) VALUES('2018-07-19','SKUD01','SBD','BECKY','2018-07-19','TANYA',0)"
62,17/05/2018,HILD01,SBD,KELLY,31/05/2018,ADMIN,14,,"INSERT INTO ClientCancellations (CancelDate, Code, [Service], Staff, BookingDate, CanceledBy, [Days]) VALUES(","INSERT INTO ClientCancellations (CancelDate, Code, [Service], Staff, BookingDate, CanceledBy, [Days]) VALUES('2018-05-17','HILD01','SBD','KELLY','2018-05-31','ADMIN',14)"
63,17/05/2018,HILD01,CHLPHC,JOANNE,31/05/2018,ADMIN,14,,"INSERT INTO ClientCancellations (CancelDate, Code, [Service], Staff, BookingDate, CanceledBy, [Days]) VALUES(","INSERT INTO ClientCancellations (CancelDate, Code, [Service], Staff, BookingDate, CanceledBy, [Days]) VALUES('2018-05-17','HILD01','CHLPHC','JOANNE','2018-05-31','ADMIN',14)"
64,28/05/2018,HILD01,SBD,BECKY,29/05/2018,JJ,1,,"INSERT INTO ClientCancellations (CancelDate, Code, [Service], Staff, BookingDate, CanceledBy, [Days]) VALUES(","INSERT INTO ClientCancellations (CancelDate, Code, [Service], Staff, BookingDate, CanceledBy, [Days]) VALUES('2018-05-28','HILD01','SBD','BECKY','2018-05-29','JJ',1)"
65,25/06/2018,DUFD01,CON,JJ,29/06/2018,JJ,4,,"INSERT INTO ClientCancellations (CancelDate, Code, [Service], Staff, BookingDate, CanceledBy, [Days]) VALUES(","INSERT INTO ClientCancellations (CancelDate, Code, [Service], Staff, BookingDate, CanceledBy, [Days]) VALUES('2018-06-25','DUFD01','CON','JJ','2018-06-29','JJ',4)"
66,02/06/2018,CHAD01,SHCW,KELLY,09/06/2018,SINEAD,7,,"INSERT INTO ClientCancellations (CancelDate, Code, [Service], Staff, BookingDate, CanceledBy, [Days]) VALUES(","INSERT INTO ClientCancellations (CancelDate, Code, [Service], Staff, BookingDate, CanceledBy, [Days]) VALUES('2018-06-02','CHAD01','SHCW','KELLY','2018-06-09','SINEAD',7)"
67,02/06/2018,CHAD01,CHLPL,JOANNE,09/06/2018,SINEAD,7,,"INSERT INTO ClientCancellations (CancelDate, Code, [Service], Staff, BookingDate, CanceledBy, [Days]) VALUES(","INSERT INTO ClientCancellations (CancelDate, Code, [Service], Staff, BookingDate, CanceledBy, [Days]) VALUES('2018-06-02','CHAD01','CHLPL','JOANNE','2018-06-09','SINEAD',7)"
68,22/06/2018,PET*01,SHCW,JJ,22/06/2018,KELLY,0,,"INSERT INTO ClientCancellations (CancelDate, Code, [Service], Staff, BookingDate, CanceledBy, [Days]) VALUES(","INSERT INTO ClientCancellations (CancelDate, Code, [Service], Staff, BookingDate, CanceledBy, [Days]) VALUES('2018-06-22','PET*01','SHCW','JJ','2018-06-22','KELLY',0)"
69,12/07/2018,PET*01,SHCW,JJ,14/07/2018,TANYA,2,,"INSERT INTO ClientCancellations (CancelDate, Code, [Service], Staff, BookingDate, CanceledBy, [Days]) VALUES(","INSERT INTO ClientCancellations (CancelDate, Code, [Service], Staff, BookingDate, CanceledBy, [Days]) VALUES('2018-07-12','PET*01','SHCW','JJ','2018-07-14','TANYA',2)"
70,04/04/2018,KEN*01,SHCW,SINEAD,29/05/2018,KELLY,55,,"INSERT INTO ClientCancellations (CancelDate, Code, [Service], Staff, BookingDate, CanceledBy, [Days]) VALUES(","INSERT INTO ClientCancellations (CancelDate, Code, [Service], Staff, BookingDate, CanceledBy, [Days]) VALUES('2018-04-04','KEN*01','SHCW','SINEAD','2018-05-29','KELLY',55)"
71,23/05/2018,KEN*01,CBAL,JOANNE,29/05/2018,KELLY,6,,"INSERT INTO ClientCancellations (CancelDate, Code, [Service], Staff, BookingDate, CanceledBy, [Days]) VALUES(","INSERT INTO ClientCancellations (CancelDate, Code, [Service], Staff, BookingDate, CanceledBy, [Days]) VALUES('2018-05-23','KEN*01','CBAL','JOANNE','2018-05-29','KELLY',6)"
72,04/05/2018,CAND01,CCAMO,JJ,04/05/2018,JJ,0,,"INSERT INTO ClientCancellations (CancelDate, Code, [Service], Staff, BookingDate, CanceledBy, [Days]) VALUES(","INSERT INTO ClientCancellations (CancelDate, Code, [Service], Staff, BookingDate, CanceledBy, [Days]) VALUES('2018-05-04','CAND01','CCAMO','JJ','2018-05-04','JJ',0)"
73,13/07/2018,CAND01,CCAMO,JJ,13/07/2018,TANYA,0,,"INSERT INTO ClientCancellations (CancelDate, Code, [Service], Staff, BookingDate, CanceledBy, [Days]) VALUES(","INSERT INTO ClientCancellations (CancelDate, Code, [Service], Staff, BookingDate, CanceledBy, [Days]) VALUES('2018-07-13','CAND01','CCAMO','JJ','2018-07-13','TANYA',0)"
74,28/04/2018,TAYE01,SHCM,JJ,28/04/2018,JJ,0,,"INSERT INTO ClientCancellations (CancelDate, Code, [Service], Staff, BookingDate, CanceledBy, [Days]) VALUES(","INSERT INTO ClientCancellations (CancelDate, Code, [Service], Staff, BookingDate, CanceledBy, [Days]) VALUES('2018-04-28','TAYE01','SHCM','JJ','2018-04-28','JJ',0)"
75,22/05/2018,MENE01,SHCW,SINEAD,23/05/2018,ADMIN,1,,"INSERT INTO ClientCancellations (CancelDate, Code, [Service], Staff, BookingDate, CanceledBy, [Days]) VALUES(","INSERT INTO ClientCancellations (CancelDate, Code, [Service], Staff, BookingDate, CanceledBy, [Days]) VALUES('2018-05-22','MENE01','SHCW','SINEAD','2018-05-23','ADMIN',1)"
76,17/07/2018,PAE01,SHCW,KELLY,21/09/2018,JJ,66,,"INSERT INTO ClientCancellations (CancelDate, Code, [Service], Staff, BookingDate, CanceledBy, [Days]) VALUES(","INSERT INTO ClientCancellations (CancelDate, Code, [Service], Staff, BookingDate, CanceledBy, [Days]) VALUES('2018-07-17','PAE01','SHCW','KELLY','2018-09-21','JJ',66)"
77,05/05/2018,IRWE01,CON,JOANNE,02/06/2018,JJ,28,,"INSERT INTO ClientCancellations (CancelDate, Code, [Service], Staff, BookingDate, CanceledBy, [Days]) VALUES(","INSERT INTO ClientCancellations (CancelDate, Code, [Service], Staff, BookingDate, CanceledBy, [Days]) VALUES('2018-05-05','IRWE01','CON','JOANNE','2018-06-02','JJ',28)"
78,21/06/2018,VARE01,SHCW,JJ,21/06/2018,BECKY,0,,"INSERT INTO ClientCancellations (CancelDate, Code, [Service], Staff, BookingDate, CanceledBy, [Days]) VALUES(","INSERT INTO ClientCancellations (CancelDate, Code, [Service], Staff, BookingDate, CanceledBy, [Days]) VALUES('2018-06-21','VARE01','SHCW','JJ','2018-06-21','BECKY',0)"
79,27/07/2018,JONE01,SMARTBOND,KELLY,27/07/2018,KELLY,0,,"INSERT INTO ClientCancellations (CancelDate, Code, [Service], Staff, BookingDate, CanceledBy, [Days]) VALUES(","INSERT INTO ClientCancellations (CancelDate, Code, [Service], Staff, BookingDate, CanceledBy, [Days]) VALUES('2018-07-27','JONE01','SMARTBOND','KELLY','2018-07-27','KELLY',0)"
80,22/04/2018,BREF01,SHCM,JJ,24/04/2018,JJ,2,,"INSERT INTO ClientCancellations (CancelDate, Code, [Service], Staff, BookingDate, CanceledBy, [Days]) VALUES(","INSERT INTO ClientCancellations (CancelDate, Code, [Service], Staff, BookingDate, CanceledBy, [Days]) VALUES('2018-04-22','BREF01','SHCM','JJ','2018-04-24','JJ',2)"
81,03/04/2018,BUDG02,SHCM,SINEAD,21/04/2018,BECKY,18,,"INSERT INTO ClientCancellations (CancelDate, Code, [Service], Staff, BookingDate, CanceledBy, [Days]) VALUES(","INSERT INTO ClientCancellations (CancelDate, Code, [Service], Staff, BookingDate, CanceledBy, [Days]) VALUES('2018-04-03','BUDG02','SHCM','SINEAD','2018-04-21','BECKY',18)"
82,14/06/2018,COLG01,SBD,BECKY,21/06/2018,BECKY,7,,"INSERT INTO ClientCancellations (CancelDate, Code, [Service], Staff, BookingDate, CanceledBy, [Days]) VALUES(","INSERT INTO ClientCancellations (CancelDate, Code, [Service], Staff, BookingDate, CanceledBy, [Days]) VALUES('2018-06-14','COLG01','SBD','BECKY','2018-06-21','BECKY',7)"
83,03/04/2018,STRH01,CHLFH,KELLY,04/04/2018,JJ,1,,"INSERT INTO ClientCancellations (CancelDate, Code, [Service], Staff, BookingDate, CanceledBy, [Days]) VALUES(","INSERT INTO ClientCancellations (CancelDate, Code, [Service], Staff, BookingDate, CanceledBy, [Days]) VALUES('2018-04-03','STRH01','CHLFH','KELLY','2018-04-04','JJ',1)"
84,03/07/2018,BREH01,SBD,JJ,07/07/2018,BECKY,4,,"INSERT INTO ClientCancellations (CancelDate, Code, [Service], Staff, BookingDate, CanceledBy, [Days]) VALUES(","INSERT INTO ClientCancellations (CancelDate, Code, [Service], Staff, BookingDate, CanceledBy, [Days]) VALUES('2018-07-03','BREH01','SBD','JJ','2018-07-07','BECKY',4)"
85,11/04/2018,HENI01,SHCW,JJ,03/05/2018,SINEAD,22,,"INSERT INTO ClientCancellations (CancelDate, Code, [Service], Staff, BookingDate, CanceledBy, [Days]) VALUES(","INSERT INTO ClientCancellations (CancelDate, Code, [Service], Staff, BookingDate, CanceledBy, [Days]) VALUES('2018-04-11','HENI01','SHCW','JJ','2018-05-03','SINEAD',22)"
86,30/06/2018,WOOJ02,SHCM,BECKY,30/06/2018,JJ,0,,"INSERT INTO ClientCancellations (CancelDate, Code, [Service], Staff, BookingDate, CanceledBy, [Days]) VALUES(","INSERT INTO ClientCancellations (CancelDate, Code, [Service], Staff, BookingDate, CanceledBy, [Days]) VALUES('2018-06-30','WOOJ02','SHCM','BECKY','2018-06-30','JJ',0)"
87,24/05/2018,THOJ01,TRE 1,SINEAD,24/05/2018,JJ,0,,"INSERT INTO ClientCancellations (CancelDate, Code, [Service], Staff, BookingDate, CanceledBy, [Days]) VALUES(","INSERT INTO ClientCancellations (CancelDate, Code, [Service], Staff, BookingDate, CanceledBy, [Days]) VALUES('2018-05-24','THOJ01','TRE 1','SINEAD','2018-05-24','JJ',0)"
88,28/06/2018,OHA*01,SHCC,BECKY,29/06/2018,KELLY,1,,"INSERT INTO ClientCancellations (CancelDate, Code, [Service], Staff, BookingDate, CanceledBy, [Days]) VALUES(","INSERT INTO ClientCancellations (CancelDate, Code, [Service], Staff, BookingDate, CanceledBy, [Days]) VALUES('2018-06-28','OHA*01','SHCC','BECKY','2018-06-29','KELLY',1)"
89,25/05/2018,MAEJ01,CFC,BECKY,02/06/2018,JJ,8,,"INSERT INTO ClientCancellations (CancelDate, Code, [Service], Staff, BookingDate, CanceledBy, [Days]) VALUES(","INSERT INTO ClientCancellations (CancelDate, Code, [Service], Staff, BookingDate, CanceledBy, [Days]) VALUES('2018-05-25','MAEJ01','CFC','BECKY','2018-06-02','JJ',8)"
90,18/07/2018,BORJ01,SHCM,JJ,18/07/2018,JJ,0,,"INSERT INTO ClientCancellations (CancelDate, Code, [Service], Staff, BookingDate, CanceledBy, [Days]) VALUES(","INSERT INTO ClientCancellations (CancelDate, Code, [Service], Staff, BookingDate, CanceledBy, [Days]) VALUES('2018-07-18','BORJ01','SHCM','JJ','2018-07-18','JJ',0)"
91,28/04/2018,BISJ01,SBD,JJ,28/04/2018,SINEAD,0,,"INSERT INTO ClientCancellations (CancelDate, Code, [Service], Staff, BookingDate, CanceledBy, [Days]) VALUES(","INSERT INTO ClientCancellations (CancelDate, Code, [Service], Staff, BookingDate, CanceledBy, [Days]) VALUES('2018-04-28','BISJ01','SBD','JJ','2018-04-28','SINEAD',0)"
92,21/07/2018,DACJ01,SHCW,BECKY,24/07/2018,KELLY,3,,"INSERT INTO ClientCancellations (CancelDate, Code, [Service], Staff, BookingDate, CanceledBy, [Days]) VALUES(","INSERT INTO ClientCancellations (CancelDate, Code, [Service], Staff, BookingDate, CanceledBy, [Days]) VALUES('2018-07-21','DACJ01','SHCW','BECKY','2018-07-24','KELLY',3)"
93,03/04/2018,HILJ01,CFC,KELLY,03/04/2018,JJ,0,,"INSERT INTO ClientCancellations (CancelDate, Code, [Service], Staff, BookingDate, CanceledBy, [Days]) VALUES(","INSERT INTO ClientCancellations (CancelDate, Code, [Service], Staff, BookingDate, CanceledBy, [Days]) VALUES('2018-04-03','HILJ01','CFC','KELLY','2018-04-03','JJ',0)"
94,11/04/2018,HILJ01,SBD,SINEAD,11/04/2018,ADMIN,0,,"INSERT INTO ClientCancellations (CancelDate, Code, [Service], Staff, BookingDate, CanceledBy, [Days]) VALUES(","INSERT INTO ClientCancellations (CancelDate, Code, [Service], Staff, BookingDate, CanceledBy, [Days]) VALUES('2018-04-11','HILJ01','SBD','SINEAD','2018-04-11','ADMIN',0)"
95,17/05/2018,HILJ01,CHLPHC,JOANNE,19/05/2018,BECKY,2,,"INSERT INTO ClientCancellations (CancelDate, Code, [Service], Staff, BookingDate, CanceledBy, [Days]) VALUES(","INSERT INTO ClientCancellations (CancelDate, Code, [Service], Staff, BookingDate, CanceledBy, [Days]) VALUES('2018-05-17','HILJ01','CHLPHC','JOANNE','2018-05-19','BECKY',2)"
96,05/07/2018,HILJ01,SBD,BECKY,10/07/2018,BECKY,5,,"INSERT INTO ClientCancellations (CancelDate, Code, [Service], Staff, BookingDate, CanceledBy, [Days]) VALUES(","INSERT INTO ClientCancellations (CancelDate, Code, [Service], Staff, BookingDate, CanceledBy, [Days]) VALUES('2018-07-05','HILJ01','SBD','BECKY','2018-07-10','BECKY',5)"
97,11/07/2018,HOFJ01,SBD,TANYA,11/07/2018,TANYA,0,,"INSERT INTO ClientCancellations (CancelDate, Code, [Service], Staff, BookingDate, CanceledBy, [Days]) VALUES(","INSERT INTO ClientCancellations (CancelDate, Code, [Service], Staff, BookingDate, CanceledBy, [Days]) VALUES('2018-07-11','HOFJ01','SBD','TANYA','2018-07-11','TANYA',0)"
98,28/06/2018,HELJ01,SHCM,BECKY,30/06/2018,BECKY,2,,"INSERT INTO ClientCancellations (CancelDate, Code, [Service], Staff, BookingDate, CanceledBy, [Days]) VALUES(","INSERT INTO ClientCancellations (CancelDate, Code, [Service], Staff, BookingDate, CanceledBy, [Days]) VALUES('2018-06-28','HELJ01','SHCM','BECKY','2018-06-30','BECKY',2)"
99,29/05/2018,SCHJ01,SHCM,JJ,29/05/2018,JJ,0,,"INSERT INTO ClientCancellations (CancelDate, Code, [Service], Staff, BookingDate, CanceledBy, [Days]) VALUES(","INSERT INTO ClientCancellations (CancelDate, Code, [Service], Staff, BookingDate, CanceledBy, [Days]) VALUES('2018-05-29','SCHJ01','SHCM','JJ','2018-05-29','JJ',0)"
100,09/06/2018,SCHJ01,SHCM,JJ,12/06/2018,ADMIN,3,,"INSERT INTO ClientCancellations (CancelDate, Code, [Service], Staff, BookingDate, CanceledBy, [Days]) VALUES(","INSERT INTO ClientCancellations (CancelDate, Code, [Service], Staff, BookingDate, CanceledBy, [Days]) VALUES('2018-06-09','SCHJ01','SHCM','JJ','2018-06-12','ADMIN',3)"
101,09/06/2018,SCHJ01,CCAMO,JJ,12/06/2018,ADMIN,3,,"INSERT INTO ClientCancellations (CancelDate, Code, [Service], Staff, BookingDate, CanceledBy, [Days]) VALUES(","INSERT INTO ClientCancellations (CancelDate, Code, [Service], Staff, BookingDate, CanceledBy, [Days]) VALUES('2018-06-09','SCHJ01','CCAMO','JJ','2018-06-12','ADMIN',3)"
102,02/06/2018,YANJ01,SHCW,KELLY,02/06/2018,JJ,0,,"INSERT INTO ClientCancellations (CancelDate, Code, [Service], Staff, BookingDate, CanceledBy, [Days]) VALUES(","INSERT INTO ClientCancellations (CancelDate, Code, [Service], Staff, BookingDate, CanceledBy, [Days]) VALUES('2018-06-02','YANJ01','SHCW','KELLY','2018-06-02','JJ',0)"
103,31/05/2018,NGUJ01,CDPB,KELLY,06/06/2018,KELLY,6,,"INSERT INTO ClientCancellations (CancelDate, Code, [Service], Staff, BookingDate, CanceledBy, [Days]) VALUES(","INSERT INTO ClientCancellations (CancelDate, Code, [Service], Staff, BookingDate, CanceledBy, [Days]) VALUES('2018-05-31','NGUJ01','CDPB','KELLY','2018-06-06','KELLY',6)"
104,14/06/2018,WOOJ01,CTU,JOANNE,22/06/2018,BECKY,8,,"INSERT INTO ClientCancellations (CancelDate, Code, [Service], Staff, BookingDate, CanceledBy, [Days]) VALUES(","INSERT INTO ClientCancellations (CancelDate, Code, [Service], Staff, BookingDate, CanceledBy, [Days]) VALUES('2018-06-14','WOOJ01','CTU','JOANNE','2018-06-22','BECKY',8)"
105,14/06/2018,WOOJ01,SBD,JJ,22/06/2018,BECKY,8,,"INSERT INTO ClientCancellations (CancelDate, Code, [Service], Staff, BookingDate, CanceledBy, [Days]) VALUES(","INSERT INTO ClientCancellations (CancelDate, Code, [Service], Staff, BookingDate, CanceledBy, [Days]) VALUES('2018-06-14','WOOJ01','SBD','JJ','2018-06-22','BECKY',8)"
106,17/07/2018,LEEJ02,SHCM,JJ,24/07/2018,KELLY,7,,"INSERT INTO ClientCancellations (CancelDate, Code, [Service], Staff, BookingDate, CanceledBy, [Days]) VALUES(","INSERT INTO ClientCancellations (CancelDate, Code, [Service], Staff, BookingDate, CanceledBy, [Days]) VALUES('2018-07-17','LEEJ02','SHCM','JJ','2018-07-24','KELLY',7)"
107,24/07/2018,HENK01,SHCW,JJ,31/07/2018,TANYA,7,,"INSERT INTO ClientCancellations (CancelDate, Code, [Service], Staff, BookingDate, CanceledBy, [Days]) VALUES(","INSERT INTO ClientCancellations (CancelDate, Code, [Service], Staff, BookingDate, CanceledBy, [Days]) VALUES('2018-07-24','HENK01','SHCW','JJ','2018-07-31','TANYA',7)"
108,24/07/2018,HENK01,CHLPL,JOANNE,24/07/2018,TANYA,0,,"INSERT INTO ClientCancellations (CancelDate, Code, [Service], Staff, BookingDate, CanceledBy, [Days]) VALUES(","INSERT INTO ClientCancellations (CancelDate, Code, [Service], Staff, BookingDate, CanceledBy, [Days]) VALUES('2018-07-24','HENK01','CHLPL','JOANNE','2018-07-24','TANYA',0)"
109,24/07/2018,HENK01,CHLPL,JOANNE,31/07/2018,TANYA,7,,"INSERT INTO ClientCancellations (CancelDate, Code, [Service], Staff, BookingDate, CanceledBy, [Days]) VALUES(","INSERT INTO ClientCancellations (CancelDate, Code, [Service], Staff, BookingDate, CanceledBy, [Days]) VALUES('2018-07-24','HENK01','CHLPL','JOANNE','2018-07-31','TANYA',7)"
110,19/06/2018,CARK01,SBD,KELLY,20/06/2018,BECKY,1,,"INSERT INTO ClientCancellations (CancelDate, Code, [Service], Staff, BookingDate, CanceledBy, [Days]) VALUES(","INSERT INTO ClientCancellations (CancelDate, Code, [Service], Staff, BookingDate, CanceledBy, [Days]) VALUES('2018-06-19','CARK01','SBD','KELLY','2018-06-20','BECKY',1)"
111,21/06/2018,CARK01,SBD,KELLY,27/06/2018,JJ,6,,"INSERT INTO ClientCancellations (CancelDate, Code, [Service], Staff, BookingDate, CanceledBy, [Days]) VALUES(","INSERT INTO ClientCancellations (CancelDate, Code, [Service], Staff, BookingDate, CanceledBy, [Days]) VALUES('2018-06-21','CARK01','SBD','KELLY','2018-06-27','JJ',6)"
112,12/07/2018,CARK01,SBD,KELLY,12/07/2018,TANYA,0,,"INSERT INTO ClientCancellations (CancelDate, Code, [Service], Staff, BookingDate, CanceledBy, [Days]) VALUES(","INSERT INTO ClientCancellations (CancelDate, Code, [Service], Staff, BookingDate, CanceledBy, [Days]) VALUES('2018-07-12','CARK01','SBD','KELLY','2018-07-12','TANYA',0)"
113,18/04/2018,KUKK01,SBD,SINEAD,26/04/2018,SINEAD,8,,"INSERT INTO ClientCancellations (CancelDate, Code, [Service], Staff, BookingDate, CanceledBy, [Days]) VALUES(","INSERT INTO ClientCancellations (CancelDate, Code, [Service], Staff, BookingDate, CanceledBy, [Days]) VALUES('2018-04-18','KUKK01','SBD','SINEAD','2018-04-26','SINEAD',8)"
114,18/05/2018,KUKK01,SBD,BECKY,03/07/2018,JOANNE,46,,"INSERT INTO ClientCancellations (CancelDate, Code, [Service], Staff, BookingDate, CanceledBy, [Days]) VALUES(","INSERT INTO ClientCancellations (CancelDate, Code, [Service], Staff, BookingDate, CanceledBy, [Days]) VALUES('2018-05-18','KUKK01','SBD','BECKY','2018-07-03','JOANNE',46)"
115,18/05/2018,KUKK01,SBD,BECKY,10/07/2018,JOANNE,53,,"INSERT INTO ClientCancellations (CancelDate, Code, [Service], Staff, BookingDate, CanceledBy, [Days]) VALUES(","INSERT INTO ClientCancellations (CancelDate, Code, [Service], Staff, BookingDate, CanceledBy, [Days]) VALUES('2018-05-18','KUKK01','SBD','BECKY','2018-07-10','JOANNE',53)"
116,30/05/2018,KUKK01,SBD,BECKY,05/06/2018,SINEAD,6,,"INSERT INTO ClientCancellations (CancelDate, Code, [Service], Staff, BookingDate, CanceledBy, [Days]) VALUES(","INSERT INTO ClientCancellations (CancelDate, Code, [Service], Staff, BookingDate, CanceledBy, [Days]) VALUES('2018-05-30','KUKK01','SBD','BECKY','2018-06-05','SINEAD',6)"
117,17/07/2018,KUKK01,SBD,BECKY,24/07/2018,JJ,7,,"INSERT INTO ClientCancellations (CancelDate, Code, [Service], Staff, BookingDate, CanceledBy, [Days]) VALUES(","INSERT INTO ClientCancellations (CancelDate, Code, [Service], Staff, BookingDate, CanceledBy, [Days]) VALUES('2018-07-17','KUKK01','SBD','BECKY','2018-07-24','JJ',7)"
118,17/07/2018,KUKK01,SBD,BECKY,31/07/2018,JJ,14,,"INSERT INTO ClientCancellations (CancelDate, Code, [Service], Staff, BookingDate, CanceledBy, [Days]) VALUES(","INSERT INTO ClientCancellations (CancelDate, Code, [Service], Staff, BookingDate, CanceledBy, [Days]) VALUES('2018-07-17','KUKK01','SBD','BECKY','2018-07-31','JJ',14)"
119,17/07/2018,KUKK01,SBD,KELLY,25/07/2018,JJ,8,,"INSERT INTO ClientCancellations (CancelDate, Code, [Service], Staff, BookingDate, CanceledBy, [Days]) VALUES(","INSERT INTO ClientCancellations (CancelDate, Code, [Service], Staff, BookingDate, CanceledBy, [Days]) VALUES('2018-07-17','KUKK01','SBD','KELLY','2018-07-25','JJ',8)"
120,17/07/2018,KUKK01,SBD,KELLY,26/07/2018,JJ,9,,"INSERT INTO ClientCancellations (CancelDate, Code, [Service], Staff, BookingDate, CanceledBy, [Days]) VALUES(","INSERT INTO ClientCancellations (CancelDate, Code, [Service], Staff, BookingDate, CanceledBy, [Days]) VALUES('2018-07-17','KUKK01','SBD','KELLY','2018-07-26','JJ',9)"
121,17/07/2018,KUKK01,CALC,JOANNE,24/07/2018,JJ,7,,"INSERT INTO ClientCancellations (CancelDate, Code, [Service], Staff, BookingDate, CanceledBy, [Days]) VALUES(","INSERT INTO ClientCancellations (CancelDate, Code, [Service], Staff, BookingDate, CanceledBy, [Days]) VALUES('2018-07-17','KUKK01','CALC','JOANNE','2018-07-24','JJ',7)"
122,17/07/2018,KUKK01,CALC,JOANNE,25/07/2018,JJ,8,,"INSERT INTO ClientCancellations (CancelDate, Code, [Service], Staff, BookingDate, CanceledBy, [Days]) VALUES(","INSERT INTO ClientCancellations (CancelDate, Code, [Service], Staff, BookingDate, CanceledBy, [Days]) VALUES('2018-07-17','KUKK01','CALC','JOANNE','2018-07-25','JJ',8)"
123,17/07/2018,KUKK01,CALC,JOANNE,26/07/2018,JJ,9,,"INSERT INTO ClientCancellations (CancelDate, Code, [Service], Staff, BookingDate, CanceledBy, [Days]) VALUES(","INSERT INTO ClientCancellations (CancelDate, Code, [Service], Staff, BookingDate, CanceledBy, [Days]) VALUES('2018-07-17','KUKK01','CALC','JOANNE','2018-07-26','JJ',9)"
124,26/05/2018,SPEK01,CTU,JJ,26/07/2018,ADMIN,61,,"INSERT INTO ClientCancellations (CancelDate, Code, [Service], Staff, BookingDate, CanceledBy, [Days]) VALUES(","INSERT INTO ClientCancellations (CancelDate, Code, [Service], Staff, BookingDate, CanceledBy, [Days]) VALUES('2018-05-26','SPEK01','CTU','JJ','2018-07-26','ADMIN',61)"
125,28/06/2018,MARK01,SHCW,BECKY,28/06/2018,BECKY,0,,"INSERT INTO ClientCancellations (CancelDate, Code, [Service], Staff, BookingDate, CanceledBy, [Days]) VALUES(","INSERT INTO ClientCancellations (CancelDate, Code, [Service], Staff, BookingDate, CanceledBy, [Days]) VALUES('2018-06-28','MARK01','SHCW','BECKY','2018-06-28','BECKY',0)"
126,15/05/2018,SHAL01,SHCW,JJ,22/05/2018,JJ,7,,"INSERT INTO ClientCancellations (CancelDate, Code, [Service], Staff, BookingDate, CanceledBy, [Days]) VALUES(","INSERT INTO ClientCancellations (CancelDate, Code, [Service], Staff, BookingDate, CanceledBy, [Days]) VALUES('2018-05-15','SHAL01','SHCW','JJ','2018-05-22','JJ',7)"
127,01/06/2018,WINL01,SHCW,BECKY,26/06/2018,BECKY,25,,"INSERT INTO ClientCancellations (CancelDate, Code, [Service], Staff, BookingDate, CanceledBy, [Days]) VALUES(","INSERT INTO ClientCancellations (CancelDate, Code, [Service], Staff, BookingDate, CanceledBy, [Days]) VALUES('2018-06-01','WINL01','SHCW','BECKY','2018-06-26','BECKY',25)"
128,17/05/2018,HOLL01,SBD,SINEAD,31/05/2018,BECKY,14,,"INSERT INTO ClientCancellations (CancelDate, Code, [Service], Staff, BookingDate, CanceledBy, [Days]) VALUES(","INSERT INTO ClientCancellations (CancelDate, Code, [Service], Staff, BookingDate, CanceledBy, [Days]) VALUES('2018-05-17','HOLL01','SBD','SINEAD','2018-05-31','BECKY',14)"
129,17/05/2018,HOLL01,CHLPHC,JOANNE,31/05/2018,BECKY,14,,"INSERT INTO ClientCancellations (CancelDate, Code, [Service], Staff, BookingDate, CanceledBy, [Days]) VALUES(","INSERT INTO ClientCancellations (CancelDate, Code, [Service], Staff, BookingDate, CanceledBy, [Days]) VALUES('2018-05-17','HOLL01','CHLPHC','JOANNE','2018-05-31','BECKY',14)"
130,12/06/2018,HOLL01,SBD,BECKY,14/06/2018,JJ,2,,"INSERT INTO ClientCancellations (CancelDate, Code, [Service], Staff, BookingDate, CanceledBy, [Days]) VALUES(","INSERT INTO ClientCancellations (CancelDate, Code, [Service], Staff, BookingDate, CanceledBy, [Days]) VALUES('2018-06-12','HOLL01','SBD','BECKY','2018-06-14','JJ',2)"
131,19/06/2018,HOLL01,SBD,BECKY,21/06/2018,JOANNE,2,,"INSERT INTO ClientCancellations (CancelDate, Code, [Service], Staff, BookingDate, CanceledBy, [Days]) VALUES(","INSERT INTO ClientCancellations (CancelDate, Code, [Service], Staff, BookingDate, CanceledBy, [Days]) VALUES('2018-06-19','HOLL01','SBD','BECKY','2018-06-21','JOANNE',2)"
132,04/05/2018,MCPL01,SBD,BECKY,08/05/2018,JJ,4,,"INSERT INTO ClientCancellations (CancelDate, Code, [Service], Staff, BookingDate, CanceledBy, [Days]) VALUES(","INSERT INTO ClientCancellations (CancelDate, Code, [Service], Staff, BookingDate, CanceledBy, [Days]) VALUES('2018-05-04','MCPL01','SBD','BECKY','2018-05-08','JJ',4)"
133,01/06/2018,VARL01,CFC,KELLY,02/06/2018,KELLY,1,,"INSERT INTO ClientCancellations (CancelDate, Code, [Service], Staff, BookingDate, CanceledBy, [Days]) VALUES(","INSERT INTO ClientCancellations (CancelDate, Code, [Service], Staff, BookingDate, CanceledBy, [Days]) VALUES('2018-06-01','VARL01','CFC','KELLY','2018-06-02','KELLY',1)"
134,27/04/2018,LEGL01,SHCW,SINEAD,28/04/2018,JJ,1,,"INSERT INTO ClientCancellations (CancelDate, Code, [Service], Staff, BookingDate, CanceledBy, [Days]) VALUES(","INSERT INTO ClientCancellations (CancelDate, Code, [Service], Staff, BookingDate, CanceledBy, [Days]) VALUES('2018-04-27','LEGL01','SHCW','SINEAD','2018-04-28','JJ',1)"
135,17/07/2018,STEL01,SHCW,JJ,17/07/2018,KELLY,0,,"INSERT INTO ClientCancellations (CancelDate, Code, [Service], Staff, BookingDate, CanceledBy, [Days]) VALUES(","INSERT INTO ClientCancellations (CancelDate, Code, [Service], Staff, BookingDate, CanceledBy, [Days]) VALUES('2018-07-17','STEL01','SHCW','JJ','2018-07-17','KELLY',0)"
136,21/07/2018,NEEL01,SHCW,JJ,28/07/2018,KELLY,7,,"INSERT INTO ClientCancellations (CancelDate, Code, [Service], Staff, BookingDate, CanceledBy, [Days]) VALUES(","INSERT INTO ClientCancellations (CancelDate, Code, [Service], Staff, BookingDate, CanceledBy, [Days]) VALUES('2018-07-21','NEEL01','SHCW','JJ','2018-07-28','KELLY',7)"
137,22/06/2018,.L01,SHCW,JJ,27/06/2018,KELLY,5,,"INSERT INTO ClientCancellations (CancelDate, Code, [Service], Staff, BookingDate, CanceledBy, [Days]) VALUES(","INSERT INTO ClientCancellations (CancelDate, Code, [Service], Staff, BookingDate, CanceledBy, [Days]) VALUES('2018-06-22','.L01','SHCW','JJ','2018-06-27','KELLY',5)"
138,04/07/2018,WANM01,SHCW,BECKY,06/07/2018,ADMIN,2,,"INSERT INTO ClientCancellations (CancelDate, Code, [Service], Staff, BookingDate, CanceledBy, [Days]) VALUES(","INSERT INTO ClientCancellations (CancelDate, Code, [Service], Staff, BookingDate, CanceledBy, [Days]) VALUES('2018-07-04','WANM01','SHCW','BECKY','2018-07-06','ADMIN',2)"
139,14/06/2018,TUMM01,CFC,JOANNE,16/06/2018,JJ,2,,"INSERT INTO ClientCancellations (CancelDate, Code, [Service], Staff, BookingDate, CanceledBy, [Days]) VALUES(","INSERT INTO ClientCancellations (CancelDate, Code, [Service], Staff, BookingDate, CanceledBy, [Days]) VALUES('2018-06-14','TUMM01','CFC','JOANNE','2018-06-16','JJ',2)"
140,25/07/2018,TUMM01,CTU,JOANNE,04/08/2018,TANYA,10,,"INSERT INTO ClientCancellations (CancelDate, Code, [Service], Staff, BookingDate, CanceledBy, [Days]) VALUES(","INSERT INTO ClientCancellations (CancelDate, Code, [Service], Staff, BookingDate, CanceledBy, [Days]) VALUES('2018-07-25','TUMM01','CTU','JOANNE','2018-08-04','TANYA',10)"
141,18/05/2018,SIRM01,SBD,BECKY,29/06/2018,JOANNE,42,,"INSERT INTO ClientCancellations (CancelDate, Code, [Service], Staff, BookingDate, CanceledBy, [Days]) VALUES(","INSERT INTO ClientCancellations (CancelDate, Code, [Service], Staff, BookingDate, CanceledBy, [Days]) VALUES('2018-05-18','SIRM01','SBD','BECKY','2018-06-29','JOANNE',42)"
142,13/07/2018,SIRM01,SBD,BECKY,20/07/2018,JOANNE,7,,"INSERT INTO ClientCancellations (CancelDate, Code, [Service], Staff, BookingDate, CanceledBy, [Days]) VALUES(","INSERT INTO ClientCancellations (CancelDate, Code, [Service], Staff, BookingDate, CanceledBy, [Days]) VALUES('2018-07-13','SIRM01','SBD','BECKY','2018-07-20','JOANNE',7)"
143,08/04/2018,HUDM01,SHCW,JJ,08/04/2018,JJ,0,,"INSERT INTO ClientCancellations (CancelDate, Code, [Service], Staff, BookingDate, CanceledBy, [Days]) VALUES(","INSERT INTO ClientCancellations (CancelDate, Code, [Service], Staff, BookingDate, CanceledBy, [Days]) VALUES('2018-04-08','HUDM01','SHCW','JJ','2018-04-08','JJ',0)"
144,22/05/2018,HUDM01,SBD,BECKY,26/05/2018,JJ,4,,"INSERT INTO ClientCancellations (CancelDate, Code, [Service], Staff, BookingDate, CanceledBy, [Days]) VALUES(","INSERT INTO ClientCancellations (CancelDate, Code, [Service], Staff, BookingDate, CanceledBy, [Days]) VALUES('2018-05-22','HUDM01','SBD','BECKY','2018-05-26','JJ',4)"
145,14/06/2018,HUDM01,SBD,JJ,15/06/2018,BECKY,1,,"INSERT INTO ClientCancellations (CancelDate, Code, [Service], Staff, BookingDate, CanceledBy, [Days]) VALUES(","INSERT INTO ClientCancellations (CancelDate, Code, [Service], Staff, BookingDate, CanceledBy, [Days]) VALUES('2018-06-14','HUDM01','SBD','JJ','2018-06-15','BECKY',1)"
146,17/07/2018,HUDM01,SHCW,JJ,20/07/2018,KELLY,3,,"INSERT INTO ClientCancellations (CancelDate, Code, [Service], Staff, BookingDate, CanceledBy, [Days]) VALUES(","INSERT INTO ClientCancellations (CancelDate, Code, [Service], Staff, BookingDate, CanceledBy, [Days]) VALUES('2018-07-17','HUDM01','SHCW','JJ','2018-07-20','KELLY',3)"
147,23/07/2018,HUDM01,SHCW,JJ,24/07/2018,JJ,1,,"INSERT INTO ClientCancellations (CancelDate, Code, [Service], Staff, BookingDate, CanceledBy, [Days]) VALUES(","INSERT INTO ClientCancellations (CancelDate, Code, [Service], Staff, BookingDate, CanceledBy, [Days]) VALUES('2018-07-23','HUDM01','SHCW','JJ','2018-07-24','JJ',1)"
148,22/06/2018,AURM01,SHCW,JJ,23/06/2018,ADMIN,1,,"INSERT INTO ClientCancellations (CancelDate, Code, [Service], Staff, BookingDate, CanceledBy, [Days]) VALUES(","INSERT INTO ClientCancellations (CancelDate, Code, [Service], Staff, BookingDate, CanceledBy, [Days]) VALUES('2018-06-22','AURM01','SHCW','JJ','2018-06-23','ADMIN',1)"
149,24/04/2018,BUSM01,SBD,SINEAD,26/04/2018,ADMIN,2,,"INSERT INTO ClientCancellations (CancelDate, Code, [Service], Staff, BookingDate, CanceledBy, [Days]) VALUES(","INSERT INTO ClientCancellations (CancelDate, Code, [Service], Staff, BookingDate, CanceledBy, [Days]) VALUES('2018-04-24','BUSM01','SBD','SINEAD','2018-04-26','ADMIN',2)"
150,09/07/2018,HEIM01,SHCW,BECKY,17/07/2018,JJ,8,,"INSERT INTO ClientCancellations (CancelDate, Code, [Service], Staff, BookingDate, CanceledBy, [Days]) VALUES(","INSERT INTO ClientCancellations (CancelDate, Code, [Service], Staff, BookingDate, CanceledBy, [Days]) VALUES('2018-07-09','HEIM01','SHCW','BECKY','2018-07-17','JJ',8)"
151,25/07/2018,ATMM01,SBD,JJ,26/07/2018,JJ,1,,"INSERT INTO ClientCancellations (CancelDate, Code, [Service], Staff, BookingDate, CanceledBy, [Days]) VALUES(","INSERT INTO ClientCancellations (CancelDate, Code, [Service], Staff, BookingDate, CanceledBy, [Days]) VALUES('2018-07-25','ATMM01','SBD','JJ','2018-07-26','JJ',1)"
152,23/05/2018,JAYM01,SHCW,KELLY,02/06/2018,JOANNE,10,,"INSERT INTO ClientCancellations (CancelDate, Code, [Service], Staff, BookingDate, CanceledBy, [Days]) VALUES(","INSERT INTO ClientCancellations (CancelDate, Code, [Service], Staff, BookingDate, CanceledBy, [Days]) VALUES('2018-05-23','JAYM01','SHCW','KELLY','2018-06-02','JOANNE',10)"
153,23/05/2018,JAYM01,CT,KELLY,02/06/2018,JOANNE,10,,"INSERT INTO ClientCancellations (CancelDate, Code, [Service], Staff, BookingDate, CanceledBy, [Days]) VALUES(","INSERT INTO ClientCancellations (CancelDate, Code, [Service], Staff, BookingDate, CanceledBy, [Days]) VALUES('2018-05-23','JAYM01','CT','KELLY','2018-06-02','JOANNE',10)"
154,10/05/2018,KOOM01,SHCW,JJ,03/04/2018,JJ,-37,,"INSERT INTO ClientCancellations (CancelDate, Code, [Service], Staff, BookingDate, CanceledBy, [Days]) VALUES(","INSERT INTO ClientCancellations (CancelDate, Code, [Service], Staff, BookingDate, CanceledBy, [Days]) VALUES('2018-05-10','KOOM01','SHCW','JJ','2018-04-03','JJ',-37)"
155,04/05/2018,PENM01,SBD,BECKY,04/05/2018,JJ,0,,"INSERT INTO ClientCancellations (CancelDate, Code, [Service], Staff, BookingDate, CanceledBy, [Days]) VALUES(","INSERT INTO ClientCancellations (CancelDate, Code, [Service], Staff, BookingDate, CanceledBy, [Days]) VALUES('2018-05-04','PENM01','SBD','BECKY','2018-05-04','JJ',0)"
156,22/05/2018,PENM01,SHCW,KELLY,23/05/2018,SINEAD,1,,"INSERT INTO ClientCancellations (CancelDate, Code, [Service], Staff, BookingDate, CanceledBy, [Days]) VALUES(","INSERT INTO ClientCancellations (CancelDate, Code, [Service], Staff, BookingDate, CanceledBy, [Days]) VALUES('2018-05-22','PENM01','SHCW','KELLY','2018-05-23','SINEAD',1)"
157,07/06/2018,PENM01,SHCW,JJ,22/06/2018,KELLY,15,,"INSERT INTO ClientCancellations (CancelDate, Code, [Service], Staff, BookingDate, CanceledBy, [Days]) VALUES(","INSERT INTO ClientCancellations (CancelDate, Code, [Service], Staff, BookingDate, CanceledBy, [Days]) VALUES('2018-06-07','PENM01','SHCW','JJ','2018-06-22','KELLY',15)"
158,20/06/2018,PENM01,CMT,JOANNE,22/06/2018,ADMIN,2,,"INSERT INTO ClientCancellations (CancelDate, Code, [Service], Staff, BookingDate, CanceledBy, [Days]) VALUES(","INSERT INTO ClientCancellations (CancelDate, Code, [Service], Staff, BookingDate, CanceledBy, [Days]) VALUES('2018-06-20','PENM01','CMT','JOANNE','2018-06-22','ADMIN',2)"
159,20/06/2018,PENM01,SBD,BECKY,22/06/2018,ADMIN,2,,"INSERT INTO ClientCancellations (CancelDate, Code, [Service], Staff, BookingDate, CanceledBy, [Days]) VALUES(","INSERT INTO ClientCancellations (CancelDate, Code, [Service], Staff, BookingDate, CanceledBy, [Days]) VALUES('2018-06-20','PENM01','SBD','BECKY','2018-06-22','ADMIN',2)"
160,10/07/2018,MUNM01,SHCC,KELLY,11/07/2018,KELLY,1,,"INSERT INTO ClientCancellations (CancelDate, Code, [Service], Staff, BookingDate, CanceledBy, [Days]) VALUES(","INSERT INTO ClientCancellations (CancelDate, Code, [Service], Staff, BookingDate, CanceledBy, [Days]) VALUES('2018-07-10','MUNM01','SHCC','KELLY','2018-07-11','KELLY',1)"
161,03/07/2018,WONM02,SBD,JJ,21/07/2018,JJ,18,,"INSERT INTO ClientCancellations (CancelDate, Code, [Service], Staff, BookingDate, CanceledBy, [Days]) VALUES(","INSERT INTO ClientCancellations (CancelDate, Code, [Service], Staff, BookingDate, CanceledBy, [Days]) VALUES('2018-07-03','WONM02','SBD','JJ','2018-07-21','JJ',18)"
162,03/04/2018,STEM01,SHCW,BECKY,21/04/2018,JJ,18,,"INSERT INTO ClientCancellations (CancelDate, Code, [Service], Staff, BookingDate, CanceledBy, [Days]) VALUES(","INSERT INTO ClientCancellations (CancelDate, Code, [Service], Staff, BookingDate, CanceledBy, [Days]) VALUES('2018-04-03','STEM01','SHCW','BECKY','2018-04-21','JJ',18)"
163,11/06/2018,REDM01,SBD,JJ,23/06/2018,JJ,12,,"INSERT INTO ClientCancellations (CancelDate, Code, [Service], Staff, BookingDate, CanceledBy, [Days]) VALUES(","INSERT INTO ClientCancellations (CancelDate, Code, [Service], Staff, BookingDate, CanceledBy, [Days]) VALUES('2018-06-11','REDM01','SBD','JJ','2018-06-23','JJ',12)"
164,10/07/2018,SINM01,SHCW,JJ,12/07/2018,JJ,2,,"INSERT INTO ClientCancellations (CancelDate, Code, [Service], Staff, BookingDate, CanceledBy, [Days]) VALUES(","INSERT INTO ClientCancellations (CancelDate, Code, [Service], Staff, BookingDate, CanceledBy, [Days]) VALUES('2018-07-10','SINM01','SHCW','JJ','2018-07-12','JJ',2)"
165,03/07/2018,DEAM01,SHCM,KELLY,04/07/2018,JJ,1,,"INSERT INTO ClientCancellations (CancelDate, Code, [Service], Staff, BookingDate, CanceledBy, [Days]) VALUES(","INSERT INTO ClientCancellations (CancelDate, Code, [Service], Staff, BookingDate, CanceledBy, [Days]) VALUES('2018-07-03','DEAM01','SHCM','KELLY','2018-07-04','JJ',1)"
166,08/05/2018,KATM01,CON,JOANNE,10/05/2018,ADMIN,2,,"INSERT INTO ClientCancellations (CancelDate, Code, [Service], Staff, BookingDate, CanceledBy, [Days]) VALUES(","INSERT INTO ClientCancellations (CancelDate, Code, [Service], Staff, BookingDate, CanceledBy, [Days]) VALUES('2018-05-08','KATM01','CON','JOANNE','2018-05-10','ADMIN',2)"
167,03/07/2018,KATM01,CON,JOANNE,03/07/2018,JJ,0,,"INSERT INTO ClientCancellations (CancelDate, Code, [Service], Staff, BookingDate, CanceledBy, [Days]) VALUES(","INSERT INTO ClientCancellations (CancelDate, Code, [Service], Staff, BookingDate, CanceledBy, [Days]) VALUES('2018-07-03','KATM01','CON','JOANNE','2018-07-03','JJ',0)"
168,04/07/2018,ARRM01,CFC,JJ,07/07/2018,KELLY,3,,"INSERT INTO ClientCancellations (CancelDate, Code, [Service], Staff, BookingDate, CanceledBy, [Days]) VALUES(","INSERT INTO ClientCancellations (CancelDate, Code, [Service], Staff, BookingDate, CanceledBy, [Days]) VALUES('2018-07-04','ARRM01','CFC','JJ','2018-07-07','KELLY',3)"
169,02/06/2018,SASM01,CBAL,KELLY,02/06/2018,ADMIN,0,,"INSERT INTO ClientCancellations (CancelDate, Code, [Service], Staff, BookingDate, CanceledBy, [Days]) VALUES(","INSERT INTO ClientCancellations (CancelDate, Code, [Service], Staff, BookingDate, CanceledBy, [Days]) VALUES('2018-06-02','SASM01','CBAL','KELLY','2018-06-02','ADMIN',0)"
170,20/07/2018,APTM01,SHCM,JJ,21/07/2018,JOANNE,1,,"INSERT INTO ClientCancellations (CancelDate, Code, [Service], Staff, BookingDate, CanceledBy, [Days]) VALUES(","INSERT INTO ClientCancellations (CancelDate, Code, [Service], Staff, BookingDate, CanceledBy, [Days]) VALUES('2018-07-20','APTM01','SHCM','JJ','2018-07-21','JOANNE',1)"
171,13/07/2018,KUCM02,CALC,JOANNE,17/07/2018,JJ,4,,"INSERT INTO ClientCancellations (CancelDate, Code, [Service], Staff, BookingDate, CanceledBy, [Days]) VALUES(","INSERT INTO ClientCancellations (CancelDate, Code, [Service], Staff, BookingDate, CanceledBy, [Days]) VALUES('2018-07-13','KUCM02','CALC','JOANNE','2018-07-17','JJ',4)"
172,26/07/2018,MEYN01,SBD,KELLY,27/07/2018,KELLY,1,,"INSERT INTO ClientCancellations (CancelDate, Code, [Service], Staff, BookingDate, CanceledBy, [Days]) VALUES(","INSERT INTO ClientCancellations (CancelDate, Code, [Service], Staff, BookingDate, CanceledBy, [Days]) VALUES('2018-07-26','MEYN01','SBD','KELLY','2018-07-27','KELLY',1)"
173,26/07/2018,MEYN01,CFC,JOANNE,27/07/2018,KELLY,1,,"INSERT INTO ClientCancellations (CancelDate, Code, [Service], Staff, BookingDate, CanceledBy, [Days]) VALUES(","INSERT INTO ClientCancellations (CancelDate, Code, [Service], Staff, BookingDate, CanceledBy, [Days]) VALUES('2018-07-26','MEYN01','CFC','JOANNE','2018-07-27','KELLY',1)"
174,26/07/2018,MEYN01,TRE 1,JOANNE,27/07/2018,KELLY,1,,"INSERT INTO ClientCancellations (CancelDate, Code, [Service], Staff, BookingDate, CanceledBy, [Days]) VALUES(","INSERT INTO ClientCancellations (CancelDate, Code, [Service], Staff, BookingDate, CanceledBy, [Days]) VALUES('2018-07-26','MEYN01','TRE 1','JOANNE','2018-07-27','KELLY',1)"
175,02/06/2018,MULN01,SDUD,JJ,05/06/2018,SINEAD,3,,"INSERT INTO ClientCancellations (CancelDate, Code, [Service], Staff, BookingDate, CanceledBy, [Days]) VALUES(","INSERT INTO ClientCancellations (CancelDate, Code, [Service], Staff, BookingDate, CanceledBy, [Days]) VALUES('2018-06-02','MULN01','SDUD','JJ','2018-06-05','SINEAD',3)"
176,13/06/2018,MERN01,CFC,KELLY,15/06/2018,JJ,2,,"INSERT INTO ClientCancellations (CancelDate, Code, [Service], Staff, BookingDate, CanceledBy, [Days]) VALUES(","INSERT INTO ClientCancellations (CancelDate, Code, [Service], Staff, BookingDate, CanceledBy, [Days]) VALUES('2018-06-13','MERN01','CFC','KELLY','2018-06-15','JJ',2)"
177,19/07/2018,TN01,CTU,TANYA,19/07/2018,TANYA,0,,"INSERT INTO ClientCancellations (CancelDate, Code, [Service], Staff, BookingDate, CanceledBy, [Days]) VALUES(","INSERT INTO ClientCancellations (CancelDate, Code, [Service], Staff, BookingDate, CanceledBy, [Days]) VALUES('2018-07-19','TN01','CTU','TANYA','2018-07-19','TANYA',0)"
178,07/07/2018,NIDN01,CTU,JOANNE,17/07/2018,JOANNE,10,,"INSERT INTO ClientCancellations (CancelDate, Code, [Service], Staff, BookingDate, CanceledBy, [Days]) VALUES(","INSERT INTO ClientCancellations (CancelDate, Code, [Service], Staff, BookingDate, CanceledBy, [Days]) VALUES('2018-07-07','NIDN01','CTU','JOANNE','2018-07-17','JOANNE',10)"
179,30/05/2018,KINN01,SHCW,JJ,01/06/2018,JJ,2,,"INSERT INTO ClientCancellations (CancelDate, Code, [Service], Staff, BookingDate, CanceledBy, [Days]) VALUES(","INSERT INTO ClientCancellations (CancelDate, Code, [Service], Staff, BookingDate, CanceledBy, [Days]) VALUES('2018-05-30','KINN01','SHCW','JJ','2018-06-01','JJ',2)"
180,11/05/2018,LEEO01,SBD,BECKY,11/05/2018,JOANNE,0,,"INSERT INTO ClientCancellations (CancelDate, Code, [Service], Staff, BookingDate, CanceledBy, [Days]) VALUES(","INSERT INTO ClientCancellations (CancelDate, Code, [Service], Staff, BookingDate, CanceledBy, [Days]) VALUES('2018-05-11','LEEO01','SBD','BECKY','2018-05-11','JOANNE',0)"
181,27/06/2018,JENP01,SHCC,KELLY,28/06/2018,JJ,1,,"INSERT INTO ClientCancellations (CancelDate, Code, [Service], Staff, BookingDate, CanceledBy, [Days]) VALUES(","INSERT INTO ClientCancellations (CancelDate, Code, [Service], Staff, BookingDate, CanceledBy, [Days]) VALUES('2018-06-27','JENP01','SHCC','KELLY','2018-06-28','JJ',1)"
182,04/07/2018,JENP01,SHCW,JJ,04/07/2018,KELLY,0,,"INSERT INTO ClientCancellations (CancelDate, Code, [Service], Staff, BookingDate, CanceledBy, [Days]) VALUES(","INSERT INTO ClientCancellations (CancelDate, Code, [Service], Staff, BookingDate, CanceledBy, [Days]) VALUES('2018-07-04','JENP01','SHCW','JJ','2018-07-04','KELLY',0)"
183,02/05/2018,RODP01,SHCW,SINEAD,10/05/2018,SINEAD,8,,"INSERT INTO ClientCancellations (CancelDate, Code, [Service], Staff, BookingDate, CanceledBy, [Days]) VALUES(","INSERT INTO ClientCancellations (CancelDate, Code, [Service], Staff, BookingDate, CanceledBy, [Days]) VALUES('2018-05-02','RODP01','SHCW','SINEAD','2018-05-10','SINEAD',8)"
184,09/05/2018,RODP01,CHLFH,JOANNE,10/05/2018,JJ,1,,"INSERT INTO ClientCancellations (CancelDate, Code, [Service], Staff, BookingDate, CanceledBy, [Days]) VALUES(","INSERT INTO ClientCancellations (CancelDate, Code, [Service], Staff, BookingDate, CanceledBy, [Days]) VALUES('2018-05-09','RODP01','CHLFH','JOANNE','2018-05-10','JJ',1)"
185,09/06/2018,MARR02,SHCW,KELLY,09/06/2018,ADMIN,0,,"INSERT INTO ClientCancellations (CancelDate, Code, [Service], Staff, BookingDate, CanceledBy, [Days]) VALUES(","INSERT INTO ClientCancellations (CancelDate, Code, [Service], Staff, BookingDate, CanceledBy, [Days]) VALUES('2018-06-09','MARR02','SHCW','KELLY','2018-06-09','ADMIN',0)"
186,15/06/2018,TAYR01,SHCM,JJ,15/06/2018,JJ,0,,"INSERT INTO ClientCancellations (CancelDate, Code, [Service], Staff, BookingDate, CanceledBy, [Days]) VALUES(","INSERT INTO ClientCancellations (CancelDate, Code, [Service], Staff, BookingDate, CanceledBy, [Days]) VALUES('2018-06-15','TAYR01','SHCM','JJ','2018-06-15','JJ',0)"
187,28/07/2018,WAX*01,SHCM,JJ,28/07/2018,JJ,0,,"INSERT INTO ClientCancellations (CancelDate, Code, [Service], Staff, BookingDate, CanceledBy, [Days]) VALUES(","INSERT INTO ClientCancellations (CancelDate, Code, [Service], Staff, BookingDate, CanceledBy, [Days]) VALUES('2018-07-28','WAX*01','SHCM','JJ','2018-07-28','JJ',0)"
188,06/07/2018,DAJR01,CTU,JOANNE,06/07/2018,JJ,0,,"INSERT INTO ClientCancellations (CancelDate, Code, [Service], Staff, BookingDate, CanceledBy, [Days]) VALUES(","INSERT INTO ClientCancellations (CancelDate, Code, [Service], Staff, BookingDate, CanceledBy, [Days]) VALUES('2018-07-06','DAJR01','CTU','JOANNE','2018-07-06','JJ',0)"
189,06/07/2018,DAJR01,SHCW,BECKY,06/07/2018,JJ,0,,"INSERT INTO ClientCancellations (CancelDate, Code, [Service], Staff, BookingDate, CanceledBy, [Days]) VALUES(","INSERT INTO ClientCancellations (CancelDate, Code, [Service], Staff, BookingDate, CanceledBy, [Days]) VALUES('2018-07-06','DAJR01','SHCW','BECKY','2018-07-06','JJ',0)"
190,28/06/2018,EZIR01,SHCW,JJ,07/07/2018,BECKY,9,,"INSERT INTO ClientCancellations (CancelDate, Code, [Service], Staff, BookingDate, CanceledBy, [Days]) VALUES(","INSERT INTO ClientCancellations (CancelDate, Code, [Service], Staff, BookingDate, CanceledBy, [Days]) VALUES('2018-06-28','EZIR01','SHCW','JJ','2018-07-07','BECKY',9)"
191,06/05/2018,KIRR01,SHCM,BECKY,06/05/2018,JJ,0,,"INSERT INTO ClientCancellations (CancelDate, Code, [Service], Staff, BookingDate, CanceledBy, [Days]) VALUES(","INSERT INTO ClientCancellations (CancelDate, Code, [Service], Staff, BookingDate, CanceledBy, [Days]) VALUES('2018-05-06','KIRR01','SHCM','BECKY','2018-05-06','JJ',0)"
192,08/05/2018,KIRR01,SHCM,BECKY,08/05/2018,SINEAD,0,,"INSERT INTO ClientCancellations (CancelDate, Code, [Service], Staff, BookingDate, CanceledBy, [Days]) VALUES(","INSERT INTO ClientCancellations (CancelDate, Code, [Service], Staff, BookingDate, CanceledBy, [Days]) VALUES('2018-05-08','KIRR01','SHCM','BECKY','2018-05-08','SINEAD',0)"
193,11/05/2018,KIRR01,SHCM,BECKY,11/05/2018,JJ,0,,"INSERT INTO ClientCancellations (CancelDate, Code, [Service], Staff, BookingDate, CanceledBy, [Days]) VALUES(","INSERT INTO ClientCancellations (CancelDate, Code, [Service], Staff, BookingDate, CanceledBy, [Days]) VALUES('2018-05-11','KIRR01','SHCM','BECKY','2018-05-11','JJ',0)"
194,23/05/2018,POTR01,SHCM,JJ,04/07/2018,JJ,42,,"INSERT INTO ClientCancellations (CancelDate, Code, [Service], Staff, BookingDate, CanceledBy, [Days]) VALUES(","INSERT INTO ClientCancellations (CancelDate, Code, [Service], Staff, BookingDate, CanceledBy, [Days]) VALUES('2018-05-23','POTR01','SHCM','JJ','2018-07-04','JJ',42)"
195,23/05/2018,POTR01,SHCM,JJ,30/05/2018,JOANNE,7,,"INSERT INTO ClientCancellations (CancelDate, Code, [Service], Staff, BookingDate, CanceledBy, [Days]) VALUES(","INSERT INTO ClientCancellations (CancelDate, Code, [Service], Staff, BookingDate, CanceledBy, [Days]) VALUES('2018-05-23','POTR01','SHCM','JJ','2018-05-30','JOANNE',7)"
196,24/07/2018,BLAR01,SHCM,BECKY,24/07/2018,TANYA,0,,"INSERT INTO ClientCancellations (CancelDate, Code, [Service], Staff, BookingDate, CanceledBy, [Days]) VALUES(","INSERT INTO ClientCancellations (CancelDate, Code, [Service], Staff, BookingDate, CanceledBy, [Days]) VALUES('2018-07-24','BLAR01','SHCM','BECKY','2018-07-24','TANYA',0)"
197,10/04/2018,DOWR01,SBD,SINEAD,11/04/2018,JJ,1,,"INSERT INTO ClientCancellations (CancelDate, Code, [Service], Staff, BookingDate, CanceledBy, [Days]) VALUES(","INSERT INTO ClientCancellations (CancelDate, Code, [Service], Staff, BookingDate, CanceledBy, [Days]) VALUES('2018-04-10','DOWR01','SBD','SINEAD','2018-04-11','JJ',1)"
198,31/05/2018,DOWR01,SBD,KELLY,31/05/2018,JJ,0,,"INSERT INTO ClientCancellations (CancelDate, Code, [Service], Staff, BookingDate, CanceledBy, [Days]) VALUES(","INSERT INTO ClientCancellations (CancelDate, Code, [Service], Staff, BookingDate, CanceledBy, [Days]) VALUES('2018-05-31','DOWR01','SBD','KELLY','2018-05-31','JJ',0)"
199,25/04/2018,NIES02,SHCM,JJ,26/04/2018,SINEAD,1,,"INSERT INTO ClientCancellations (CancelDate, Code, [Service], Staff, BookingDate, CanceledBy, [Days]) VALUES(","INSERT INTO ClientCancellations (CancelDate, Code, [Service], Staff, BookingDate, CanceledBy, [Days]) VALUES('2018-04-25','NIES02','SHCM','JJ','2018-04-26','SINEAD',1)"
200,29/05/2018,ZUKS01,SHCM,BECKY,29/05/2018,JJ,0,,"INSERT INTO ClientCancellations (CancelDate, Code, [Service], Staff, BookingDate, CanceledBy, [Days]) VALUES(","INSERT INTO ClientCancellations (CancelDate, Code, [Service], Staff, BookingDate, CanceledBy, [Days]) VALUES('2018-05-29','ZUKS01','SHCM','BECKY','2018-05-29','JJ',0)"
201,29/05/2018,ZUKS01,SHCM,BECKY,26/06/2018,JJ,28,,"INSERT INTO ClientCancellations (CancelDate, Code, [Service], Staff, BookingDate, CanceledBy, [Days]) VALUES(","INSERT INTO ClientCancellations (CancelDate, Code, [Service], Staff, BookingDate, CanceledBy, [Days]) VALUES('2018-05-29','ZUKS01','SHCM','BECKY','2018-06-26','JJ',28)"
202,25/05/2018,CARS01,SHCW,BECKY,25/05/2018,JOANNE,0,,"INSERT INTO ClientCancellations (CancelDate, Code, [Service], Staff, BookingDate, CanceledBy, [Days]) VALUES(","INSERT INTO ClientCancellations (CancelDate, Code, [Service], Staff, BookingDate, CanceledBy, [Days]) VALUES('2018-05-25','CARS01','SHCW','BECKY','2018-05-25','JOANNE',0)"
203,22/06/2018,SUNS01,SHCW,KELLY,27/06/2018,BECKY,5,,"INSERT INTO ClientCancellations (CancelDate, Code, [Service], Staff, BookingDate, CanceledBy, [Days]) VALUES(","INSERT INTO ClientCancellations (CancelDate, Code, [Service], Staff, BookingDate, CanceledBy, [Days]) VALUES('2018-06-22','SUNS01','SHCW','KELLY','2018-06-27','BECKY',5)"
204,03/07/2018,SUNS01,SHCW,KELLY,03/07/2018,JJ,0,,"INSERT INTO ClientCancellations (CancelDate, Code, [Service], Staff, BookingDate, CanceledBy, [Days]) VALUES(","INSERT INTO ClientCancellations (CancelDate, Code, [Service], Staff, BookingDate, CanceledBy, [Days]) VALUES('2018-07-03','SUNS01','SHCW','KELLY','2018-07-03','JJ',0)"
205,10/05/2018,NGUS01,SHCW,JJ,11/05/2018,SINEAD,1,,"INSERT INTO ClientCancellations (CancelDate, Code, [Service], Staff, BookingDate, CanceledBy, [Days]) VALUES(","INSERT INTO ClientCancellations (CancelDate, Code, [Service], Staff, BookingDate, CanceledBy, [Days]) VALUES('2018-05-10','NGUS01','SHCW','JJ','2018-05-11','SINEAD',1)"
206,10/05/2018,NGUS01,CTU,JOANNE,11/05/2018,SINEAD,1,,"INSERT INTO ClientCancellations (CancelDate, Code, [Service], Staff, BookingDate, CanceledBy, [Days]) VALUES(","INSERT INTO ClientCancellations (CancelDate, Code, [Service], Staff, BookingDate, CanceledBy, [Days]) VALUES('2018-05-10','NGUS01','CTU','JOANNE','2018-05-11','SINEAD',1)"
207,03/07/2018,DEYS01,CHLPL,JOANNE,03/07/2018,JJ,0,,"INSERT INTO ClientCancellations (CancelDate, Code, [Service], Staff, BookingDate, CanceledBy, [Days]) VALUES(","INSERT INTO ClientCancellations (CancelDate, Code, [Service], Staff, BookingDate, CanceledBy, [Days]) VALUES('2018-07-03','DEYS01','CHLPL','JOANNE','2018-07-03','JJ',0)"
208,02/06/2018,BROS01,SBD,BECKY,05/06/2018,JJ,3,,"INSERT INTO ClientCancellations (CancelDate, Code, [Service], Staff, BookingDate, CanceledBy, [Days]) VALUES(","INSERT INTO ClientCancellations (CancelDate, Code, [Service], Staff, BookingDate, CanceledBy, [Days]) VALUES('2018-06-02','BROS01','SBD','BECKY','2018-06-05','JJ',3)"
209,14/06/2018,BROS01,SBD,BECKY,14/06/2018,BECKY,0,,"INSERT INTO ClientCancellations (CancelDate, Code, [Service], Staff, BookingDate, CanceledBy, [Days]) VALUES(","INSERT INTO ClientCancellations (CancelDate, Code, [Service], Staff, BookingDate, CanceledBy, [Days]) VALUES('2018-06-14','BROS01','SBD','BECKY','2018-06-14','BECKY',0)"
210,14/07/2018,BROS01,SBD,BECKY,17/07/2018,JJ,3,,"INSERT INTO ClientCancellations (CancelDate, Code, [Service], Staff, BookingDate, CanceledBy, [Days]) VALUES(","INSERT INTO ClientCancellations (CancelDate, Code, [Service], Staff, BookingDate, CanceledBy, [Days]) VALUES('2018-07-14','BROS01','SBD','BECKY','2018-07-17','JJ',3)"
211,14/07/2018,BROS01,SBD,BECKY,27/07/2018,JJ,13,,"INSERT INTO ClientCancellations (CancelDate, Code, [Service], Staff, BookingDate, CanceledBy, [Days]) VALUES(","INSERT INTO ClientCancellations (CancelDate, Code, [Service], Staff, BookingDate, CanceledBy, [Days]) VALUES('2018-07-14','BROS01','SBD','BECKY','2018-07-27','JJ',13)"
212,23/07/2018,BROS01,SBD,BECKY,28/07/2018,JJ,5,,"INSERT INTO ClientCancellations (CancelDate, Code, [Service], Staff, BookingDate, CanceledBy, [Days]) VALUES(","INSERT INTO ClientCancellations (CancelDate, Code, [Service], Staff, BookingDate, CanceledBy, [Days]) VALUES('2018-07-23','BROS01','SBD','BECKY','2018-07-28','JJ',5)"
213,28/07/2018,BROS01,SHCW,BECKY,31/07/2018,JJ,3,,"INSERT INTO ClientCancellations (CancelDate, Code, [Service], Staff, BookingDate, CanceledBy, [Days]) VALUES(","INSERT INTO ClientCancellations (CancelDate, Code, [Service], Staff, BookingDate, CanceledBy, [Days]) VALUES('2018-07-28','BROS01','SHCW','BECKY','2018-07-31','JJ',3)"
214,05/06/2018,TAGS02,SHCW,KELLY,05/06/2018,JJ,0,,"INSERT INTO ClientCancellations (CancelDate, Code, [Service], Staff, BookingDate, CanceledBy, [Days]) VALUES(","INSERT INTO ClientCancellations (CancelDate, Code, [Service], Staff, BookingDate, CanceledBy, [Days]) VALUES('2018-06-05','TAGS02','SHCW','KELLY','2018-06-05','JJ',0)"
215,05/06/2018,TAGS02,CFC,KELLY,05/06/2018,JJ,0,,"INSERT INTO ClientCancellations (CancelDate, Code, [Service], Staff, BookingDate, CanceledBy, [Days]) VALUES(","INSERT INTO ClientCancellations (CancelDate, Code, [Service], Staff, BookingDate, CanceledBy, [Days]) VALUES('2018-06-05','TAGS02','CFC','KELLY','2018-06-05','JJ',0)"
216,13/07/2018,SHMS01,SHCM,KELLY,13/07/2018,KELLY,0,,"INSERT INTO ClientCancellations (CancelDate, Code, [Service], Staff, BookingDate, CanceledBy, [Days]) VALUES(","INSERT INTO ClientCancellations (CancelDate, Code, [Service], Staff, BookingDate, CanceledBy, [Days]) VALUES('2018-07-13','SHMS01','SHCM','KELLY','2018-07-13','KELLY',0)"
217,22/04/2018,COLS01,SBD,BECKY,22/04/2018,BECKY,0,,"INSERT INTO ClientCancellations (CancelDate, Code, [Service], Staff, BookingDate, CanceledBy, [Days]) VALUES(","INSERT INTO ClientCancellations (CancelDate, Code, [Service], Staff, BookingDate, CanceledBy, [Days]) VALUES('2018-04-22','COLS01','SBD','BECKY','2018-04-22','BECKY',0)"
218,12/06/2018,HUDS01,CFC,JJ,15/06/2018,JJ,3,,"INSERT INTO ClientCancellations (CancelDate, Code, [Service], Staff, BookingDate, CanceledBy, [Days]) VALUES(","INSERT INTO ClientCancellations (CancelDate, Code, [Service], Staff, BookingDate, CanceledBy, [Days]) VALUES('2018-06-12','HUDS01','CFC','JJ','2018-06-15','JJ',3)"
219,14/06/2018,HUDS01,SBD,JJ,15/06/2018,ADMIN,1,,"INSERT INTO ClientCancellations (CancelDate, Code, [Service], Staff, BookingDate, CanceledBy, [Days]) VALUES(","INSERT INTO ClientCancellations (CancelDate, Code, [Service], Staff, BookingDate, CanceledBy, [Days]) VALUES('2018-06-14','HUDS01','SBD','JJ','2018-06-15','ADMIN',1)"
220,10/07/2018,KEIS01,SHCW,BECKY,19/07/2018,JJ,9,,"INSERT INTO ClientCancellations (CancelDate, Code, [Service], Staff, BookingDate, CanceledBy, [Days]) VALUES(","INSERT INTO ClientCancellations (CancelDate, Code, [Service], Staff, BookingDate, CanceledBy, [Days]) VALUES('2018-07-10','KEIS01','SHCW','BECKY','2018-07-19','JJ',9)"
221,10/07/2018,KEIS01,SBD,TANYA,18/07/2018,JJ,8,,"INSERT INTO ClientCancellations (CancelDate, Code, [Service], Staff, BookingDate, CanceledBy, [Days]) VALUES(","INSERT INTO ClientCancellations (CancelDate, Code, [Service], Staff, BookingDate, CanceledBy, [Days]) VALUES('2018-07-10','KEIS01','SBD','TANYA','2018-07-18','JJ',8)"
222,07/06/2018,BOES01,CHLPL,JOANNE,08/06/2018,KELLY,1,,"INSERT INTO ClientCancellations (CancelDate, Code, [Service], Staff, BookingDate, CanceledBy, [Days]) VALUES(","INSERT INTO ClientCancellations (CancelDate, Code, [Service], Staff, BookingDate, CanceledBy, [Days]) VALUES('2018-06-07','BOES01','CHLPL','JOANNE','2018-06-08','KELLY',1)"
223,06/06/2018,ERWS01,SHCW,JJ,09/06/2018,JJ,3,,"INSERT INTO ClientCancellations (CancelDate, Code, [Service], Staff, BookingDate, CanceledBy, [Days]) VALUES(","INSERT INTO ClientCancellations (CancelDate, Code, [Service], Staff, BookingDate, CanceledBy, [Days]) VALUES('2018-06-06','ERWS01','SHCW','JJ','2018-06-09','JJ',3)"
224,06/06/2018,ERWS01,CTU,JOANNE,09/06/2018,JJ,3,,"INSERT INTO ClientCancellations (CancelDate, Code, [Service], Staff, BookingDate, CanceledBy, [Days]) VALUES(","INSERT INTO ClientCancellations (CancelDate, Code, [Service], Staff, BookingDate, CanceledBy, [Days]) VALUES('2018-06-06','ERWS01','CTU','JOANNE','2018-06-09','JJ',3)"
225,17/07/2018,FLAS01,SHCM,BECKY,28/08/2018,JJ,42,,"INSERT INTO ClientCancellations (CancelDate, Code, [Service], Staff, BookingDate, CanceledBy, [Days]) VALUES(","INSERT INTO ClientCancellations (CancelDate, Code, [Service], Staff, BookingDate, CanceledBy, [Days]) VALUES('2018-07-17','FLAS01','SHCM','BECKY','2018-08-28','JJ',42)"
226,27/07/2018,INGS01,CHLHH,TANYA,27/07/2018,JOANNE,0,,"INSERT INTO ClientCancellations (CancelDate, Code, [Service], Staff, BookingDate, CanceledBy, [Days]) VALUES(","INSERT INTO ClientCancellations (CancelDate, Code, [Service], Staff, BookingDate, CanceledBy, [Days]) VALUES('2018-07-27','INGS01','CHLHH','TANYA','2018-07-27','JOANNE',0)"
227,21/07/2018,DES01,SBD,KELLY,21/07/2018,KELLY,0,,"INSERT INTO ClientCancellations (CancelDate, Code, [Service], Staff, BookingDate, CanceledBy, [Days]) VALUES(","INSERT INTO ClientCancellations (CancelDate, Code, [Service], Staff, BookingDate, CanceledBy, [Days]) VALUES('2018-07-21','DES01','SBD','KELLY','2018-07-21','KELLY',0)"
228,21/07/2018,DES01,CALC,JOANNE,21/07/2018,KELLY,0,,"INSERT INTO ClientCancellations (CancelDate, Code, [Service], Staff, BookingDate, CanceledBy, [Days]) VALUES(","INSERT INTO ClientCancellations (CancelDate, Code, [Service], Staff, BookingDate, CanceledBy, [Days]) VALUES('2018-07-21','DES01','CALC','JOANNE','2018-07-21','KELLY',0)"
229,29/06/2018,TOPS01,SHCW,BECKY,30/06/2018,ADMIN,1,,"INSERT INTO ClientCancellations (CancelDate, Code, [Service], Staff, BookingDate, CanceledBy, [Days]) VALUES(","INSERT INTO ClientCancellations (CancelDate, Code, [Service], Staff, BookingDate, CanceledBy, [Days]) VALUES('2018-06-29','TOPS01','SHCW','BECKY','2018-06-30','ADMIN',1)"
230,13/07/2018,TOPS01,CBAL,JOANNE,14/07/2018,JJ,1,,"INSERT INTO ClientCancellations (CancelDate, Code, [Service], Staff, BookingDate, CanceledBy, [Days]) VALUES(","INSERT INTO ClientCancellations (CancelDate, Code, [Service], Staff, BookingDate, CanceledBy, [Days]) VALUES('2018-07-13','TOPS01','CBAL','JOANNE','2018-07-14','JJ',1)"
231,02/05/2018,NELT01,SBD,SINEAD,03/05/2018,JJ,1,,"INSERT INTO ClientCancellations (CancelDate, Code, [Service], Staff, BookingDate, CanceledBy, [Days]) VALUES(","INSERT INTO ClientCancellations (CancelDate, Code, [Service], Staff, BookingDate, CanceledBy, [Days]) VALUES('2018-05-02','NELT01','SBD','SINEAD','2018-05-03','JJ',1)"
232,05/05/2018,NELT01,SBD,BECKY,06/05/2018,JJ,1,,"INSERT INTO ClientCancellations (CancelDate, Code, [Service], Staff, BookingDate, CanceledBy, [Days]) VALUES(","INSERT INTO ClientCancellations (CancelDate, Code, [Service], Staff, BookingDate, CanceledBy, [Days]) VALUES('2018-05-05','NELT01','SBD','BECKY','2018-05-06','JJ',1)"
233,12/05/2018,NELT01,SBD,SINEAD,17/05/2018,JJ,5,,"INSERT INTO ClientCancellations (CancelDate, Code, [Service], Staff, BookingDate, CanceledBy, [Days]) VALUES(","INSERT INTO ClientCancellations (CancelDate, Code, [Service], Staff, BookingDate, CanceledBy, [Days]) VALUES('2018-05-12','NELT01','SBD','SINEAD','2018-05-17','JJ',5)"
234,16/05/2018,NELT01,SBD,SINEAD,23/05/2018,SINEAD,7,,"INSERT INTO ClientCancellations (CancelDate, Code, [Service], Staff, BookingDate, CanceledBy, [Days]) VALUES(","INSERT INTO ClientCancellations (CancelDate, Code, [Service], Staff, BookingDate, CanceledBy, [Days]) VALUES('2018-05-16','NELT01','SBD','SINEAD','2018-05-23','SINEAD',7)"
235,26/05/2018,NELT01,SBD,SINEAD,29/05/2018,KELLY,3,,"INSERT INTO ClientCancellations (CancelDate, Code, [Service], Staff, BookingDate, CanceledBy, [Days]) VALUES(","INSERT INTO ClientCancellations (CancelDate, Code, [Service], Staff, BookingDate, CanceledBy, [Days]) VALUES('2018-05-26','NELT01','SBD','SINEAD','2018-05-29','KELLY',3)"
236,03/07/2018,NELT01,SBD,BECKY,03/07/2018,JOANNE,0,,"INSERT INTO ClientCancellations (CancelDate, Code, [Service], Staff, BookingDate, CanceledBy, [Days]) VALUES(","INSERT INTO ClientCancellations (CancelDate, Code, [Service], Staff, BookingDate, CanceledBy, [Days]) VALUES('2018-07-03','NELT01','SBD','BECKY','2018-07-03','JOANNE',0)"
237,30/05/2018,BROT01,SHCW,SINEAD,02/06/2018,SINEAD,3,,"INSERT INTO ClientCancellations (CancelDate, Code, [Service], Staff, BookingDate, CanceledBy, [Days]) VALUES(","INSERT INTO ClientCancellations (CancelDate, Code, [Service], Staff, BookingDate, CanceledBy, [Days]) VALUES('2018-05-30','BROT01','SHCW','SINEAD','2018-06-02','SINEAD',3)"
238,06/05/2018,ROUT01,SBD,JJ,06/05/2018,JJ,0,,"INSERT INTO ClientCancellations (CancelDate, Code, [Service], Staff, BookingDate, CanceledBy, [Days]) VALUES(","INSERT INTO ClientCancellations (CancelDate, Code, [Service], Staff, BookingDate, CanceledBy, [Days]) VALUES('2018-05-06','ROUT01','SBD','JJ','2018-05-06','JJ',0)"
239,07/06/2018,ALCV01,CFC,KELLY,07/06/2018,KELLY,0,,"INSERT INTO ClientCancellations (CancelDate, Code, [Service], Staff, BookingDate, CanceledBy, [Days]) VALUES(","INSERT INTO ClientCancellations (CancelDate, Code, [Service], Staff, BookingDate, CanceledBy, [Days]) VALUES('2018-06-07','ALCV01','CFC','KELLY','2018-06-07','KELLY',0)"
240,26/06/2018,FISV01,CFC,JOANNE,30/06/2018,JJ,4,,"INSERT INTO ClientCancellations (CancelDate, Code, [Service], Staff, BookingDate, CanceledBy, [Days]) VALUES(","INSERT INTO ClientCancellations (CancelDate, Code, [Service], Staff, BookingDate, CanceledBy, [Days]) VALUES('2018-06-26','FISV01','CFC','JOANNE','2018-06-30','JJ',4)"
241,04/05/2018,MCGV01,SBD,BECKY,04/05/2018,JJ,0,,"INSERT INTO ClientCancellations (CancelDate, Code, [Service], Staff, BookingDate, CanceledBy, [Days]) VALUES(","INSERT INTO ClientCancellations (CancelDate, Code, [Service], Staff, BookingDate, CanceledBy, [Days]) VALUES('2018-05-04','MCGV01','SBD','BECKY','2018-05-04','JJ',0)"
242,18/05/2018,MIRY01,CDPB,JOANNE,19/05/2018,JOANNE,1,,"INSERT INTO ClientCancellations (CancelDate, Code, [Service], Staff, BookingDate, CanceledBy, [Days]) VALUES(","INSERT INTO ClientCancellations (CancelDate, Code, [Service], Staff, BookingDate, CanceledBy, [Days]) VALUES('2018-05-18','MIRY01','CDPB','JOANNE','2018-05-19','JOANNE',1)"
